team,conf,fg_pct,fg_pct_rk,ft_pct,ft_pct_rk,fg2_pct,fg2_pct_rk,fg3_pct,fg3_pct_rk,ts_pct,ts_pct_rk,ast_rate,ast_rate_rk,fg3_rate,fg3_rate_rk,to_rate,to_rate_rk,ft_rate,ft_rate_rk,orb_rate,orb_rate_rk
Auburn,SEC,0.3770197486535009,37,0.7297297297297297,251,0.41147938561034764,37,0.27880184331797236,26,0.4693292190444633,57,0.4396825396825397,10,0.2597247157390784,14,0.24829926677771377,7,0.3542788749251945,321,0.30490018148820325,154
UAB,Amer,0.4301765650080257,302,0.6635071090047393,14,0.473342939481268,260,0.30561330561330563,155,0.49521093308933756,184,0.44776119402985076,13,0.25735687533440343,11,0.16261289165661375,323,0.22578919208132692,44,0.3374888691006233,275
South Alabama,SB,0.41220495106505467,218,0.6951871657754011,89,0.4688279301745636,240,0.2846441947565543,39,0.4975199612872006,192,0.44972067039106145,14,0.307426597582038,117,0.16919056553202894,296,0.3229706390328152,286,0.3539741219963031,306
Arkansas,SEC,0.3984637542006721,140,0.720173535791757,213,0.4327846364883402,102,0.3184,224,0.479254890980996,104,0.5325301204819277,149,0.300048007681229,95,0.171148435007107,287,0.22131541046567452,38,0.3059006211180124,162
Arizona St.,P12,0.4284176533907427,294,0.7030965391621129,123,0.47926634768740034,281,0.3228476821192053,250,0.5174893787269714,275,0.6180904522613065,315,0.32508073196986004,174,0.1809982992401192,235,0.29547900968783636,227,0.3808680248007086,344
Arizona,P12,0.42449664429530204,267,0.6886120996441281,69,0.48109965635738833,287,0.3189102564102564,228,0.5168821980268071,271,0.5731225296442688,236,0.348993288590604,255,0.23608629723602625,23,0.3143176733780761,270,0.3470533208606174,296
Cal Poly,BW,0.398166339227243,139,0.7060998151571165,137,0.4383697813121272,125,0.32053742802303264,239,0.49998866881203824,204,0.5098684210526315,84,0.3411918795022921,223,0.2221203680851814,52,0.35428945645055665,322,0.2936991869918699,118
Sacramento St.,BSky,0.4099831744251262,209,0.7377690802348337,280,0.4563820018365473,200,0.3371757925072046,298,0.5162263925412384,270,0.5690834473324213,224,0.3892316320807628,338,0.18738566641304172,202,0.2865956253505328,201,0.3503584229390681,300
San Diego St.,MWC,0.4059900166389351,184,0.7075892857142857,152,0.4488536155202822,171,0.3333333333333333,285,0.5009699418034919,207,0.569672131147541,226,0.37104825291181365,311,0.19418883857347752,166,0.24847476428175264,94,0.2641509433962264,38
San Jose St.,MWC,0.42166462668298654,259,0.7885375494071146,347,0.44873096446700506,170,0.38058551617873654,353,0.5450706652878318,345,0.6037735849056604,298,0.39718482252141984,343,0.20166491804406525,129,0.30966952264381886,260,0.3070624360286592,167
Stanford,P12,0.35696579077838375,8,0.7479452054794521,311,0.38558692421991086,6,0.2995529061102832,113,0.43947465099191774,7,0.4847222222222222,44,0.3326722855726326,200,0.13983251698530574,353,0.18096182449181952,8,0.25662376987130964,28
California,P12,0.42459893048128344,268,0.6989690721649484,106,0.45441283734500365,192,0.342685370741483,321,0.503503887875588,219,0.5340050377833753,151,0.26684491978609626,21,0.17436791630340018,270,0.25935828877005346,120,0.32098765432098764,228
UCLA,P12,0.3651334469051675,21,0.7578558225508318,331,0.3844856661045531,3,0.32521739130434785,259,0.4709760685128862,60,0.5163297045101088,97,0.326519023282226,179,0.18970101822426877,191,0.30721181147075527,254,0.2252650176678445,2
UC Riverside,BW,0.4173063503140265,244,0.7063492063492064,139,0.4775641025641026,275,0.3038229376257545,138,0.5045894505164695,226,0.6237458193979933,321,0.3468248429867411,246,0.25693205471305386,4,0.26378227494766227,133,0.3125,195
UC San Diego,BW,0.37732342007434944,40,0.7397260273972602,286,0.4242728184553661,68,0.3014586709886548,121,0.4782146652497343,93,0.5566502463054187,195,0.3822800495662949,325,0.192967409948542,171,0.27137546468401486,157,0.2813397129186603,79
USC,P12,0.3879023307436182,88,0.7547169811320755,327,0.42366107114308554,67,0.30671506352087113,162,0.47890530250313135,99,0.592274678111588,279,0.3057713651498335,111,0.19488730951466257,159,0.2647058823529412,138,0.2778272484416741,67
Colorado St.,MWC,0.37260428410372043,33,0.7002652519893899,112,0.4125441696113074,40,0.30218068535825543,128,0.4587912654390993,31,0.5521936459909228,184,0.36189402480270577,290,0.16488152638104422,315,0.2125140924464487,25,0.27676240208877284,64
Colorado,P12,0.40218642117376296,161,0.7695390781563126,343,0.43185689948892675,95,0.3404255319148936,315,0.5041991050082756,224,0.4864091559370529,46,0.3245109321058688,173,0.20860621937612187,102,0.28711162255466055,203,0.2506989748369059,17
Connecticut,BE,0.3623112961998959,16,0.7079207920792079,154,0.40860215053763443,27,0.28370786516853935,36,0.4478835121690903,12,0.5574712643678161,197,0.370640291514836,310,0.20854074275198356,103,0.21030713170223841,20,0.26361483820047354,37
Yale,Ivy,0.44816053511705684,335,0.7425742574257426,294,0.4967741935483871,324,0.3195121951219512,232,0.5375029117167481,334,0.5014925373134328,66,0.27424749163879597,31,0.18314147084007232,223,0.3377926421404682,306,0.3176605504587156,220
American,Pat,0.4264531435349941,277,0.7164179104477612,192,0.4815450643776824,289,0.30326295585412666,131,0.5151313324730467,267,0.5187760778859527,103,0.30901542111506525,122,0.20579873049457814,116,0.31791221826809013,276,0.30844793713163066,173
George Washington,A10,0.3938826466916355,113,0.7025440313111546,120,0.4306306306306306,90,0.31097560975609756,191,0.48553786866939636,137,0.48811410459587956,49,0.30711610486891383,116,0.20184897153143075,128,0.31897627965043696,280,0.27902439024390246,70
Georgetown,BE,0.37047511312217196,29,0.7293064876957495,248,0.4081463009143807,26,0.2902654867256637,67,0.4580898670521408,30,0.5725190839694656,235,0.3195701357466063,148,0.19667331785025022,151,0.2528280542986425,107,0.28822495606326887,101
Howard,MEAC,0.3531053733426378,5,0.6984732824427481,105,0.3933865450399088,11,0.289568345323741,61,0.4625622159705692,37,0.5889328063241107,275,0.38799720865317516,336,0.2188245459155882,62,0.3656664340544313,334,0.31346351490236385,203
Delaware,CAA,0.4037199124726477,171,0.6742268041237114,26,0.43422114608555284,108,0.3395585738539898,307,0.4905946899186832,161,0.5880758807588076,273,0.32221006564551424,161,0.19957653701380174,137,0.26531728665207877,141,0.2885789014821273,104
Florida A&M,SWAC,0.4151280524121501,231,0.7033773861967695,124,0.4564846416382253,201,0.31952662721893493,233,0.514242105688756,263,0.5480631276901005,179,0.3019654556283502,100,0.21502475561762094,75,0.40559857057772486,350,0.3903133903133903,351
Florida St.,ACC,0.3915094339622642,101,0.7045454545454546,130,0.42874617737003057,81,0.30416068866571017,141,0.46484003801076973,43,0.5235487404162102,113,0.298885077186964,89,0.15998137430985165,329,0.18867924528301888,10,0.3218232044198895,236
Jacksonville St.,CUSA,0.4271255060728745,287,0.7043269230769231,128,0.4724041159962582,255,0.3099273607748184,183,0.5065944361697017,236,0.5023696682464455,69,0.2786774628879892,44,0.19564839326776295,154,0.2807017543859649,190,0.2759776536312849,63
Stetson,ASun,0.3812080536912752,59,0.6940726577437859,86,0.4281009879253567,80,0.307426597582038,168,0.48746599074483177,151,0.5316901408450704,144,0.38859060402684564,337,0.20809163397970648,106,0.351006711409396,319,0.303125,149
Florida,SEC,0.40432261465471797,174,0.7153284671532847,184,0.43394833948339484,107,0.33025830258302585,280,0.5010462154294032,208,0.47979139504563234,37,0.2857142857142857,58,0.2041702867072111,120,0.3610964681075382,332,0.35435684647302906,308
South Florida,Amer,0.38340336134453784,67,0.6621621621621622,13,0.40671641791044777,23,0.3280141843971631,269,0.4662463882322038,48,0.4780821917808219,34,0.296218487394958,76,0.17172250885808416,285,0.27205882352941174,161,0.2952,126
Georgia Tech,ACC,0.4162849872773537,235,0.6784922394678492,40,0.46277372262773725,223,0.3092436974789916,176,0.4913471138557113,167,0.5244498777506112,118,0.30279898218829515,101,0.17218684951634627,283,0.22951653944020356,52,0.28414839797639124,87
Georgia,SEC,0.39191465468837733,106,0.6747967479674797,27,0.4309586631486368,92,0.32298136645962733,254,0.4846106093678034,134,0.6361031518624641,327,0.36159460976979224,288,0.17849211180022045,249,0.27624929814710836,177,0.32976827094474154,258
Hawaii,BW,0.36253041362530414,17,0.7167919799498746,194,0.41768579492003766,47,0.26161790017211706,9,0.4479104838532393,13,0.5033557046979866,70,0.35340632603406325,265,0.17762230176808766,257,0.2427007299270073,81,0.3014842300556586,142
Iowa St.,B12,0.3834141087775983,68,0.7468982630272953,307,0.4308118081180812,91,0.3169469598965071,217,0.4841912776750954,131,0.5926966292134831,280,0.41626278944534195,352,0.13444977705163555,355,0.21701669359181475,33,0.2268041237113402,3
Boise St.,MWC,0.36942328618063114,27,0.7146464646464646,181,0.41147540983606556,36,0.28640776699029125,44,0.4517353794775971,18,0.5287187039764359,131,0.33623503808487487,211,0.17606787211740044,264,0.21545157780195864,30,0.2548687552921253,22
Idaho,BSky,0.3886107634543179,90,0.7692307692307693,342,0.4253075571177504,73,0.29782608695652174,105,0.47440099457504525,74,0.38164251207729466,1,0.2878598247809762,63,0.18020939497822663,238,0.24405506883604505,86,0.2547642928786359,21
Bradley,MVC,0.45190757657173564,345,0.7332053742802304,268,0.5081206496519721,340,0.323943661971831,257,0.5377372933251685,335,0.6064209274673008,300,0.30521225147770015,108,0.15142657637907797,346,0.2799570123589468,187,0.3308199811498586,262
Northwestern,B10,0.4491701244813278,337,0.7662565905096661,341,0.49800796812749004,326,0.35809806835066865,345,0.5529389081694486,353,0.6558891454965358,346,0.34906639004149376,256,0.14753302861436352,349,0.29512448132780084,225,0.35553555355535554,311
Southern Illinois,MVC,0.44093078758949883,326,0.7370184254606366,278,0.4983388704318937,328,0.2944915254237288,88,0.5305156085584005,315,0.550744248985115,181,0.28162291169451076,51,0.2321086236671578,29,0.3562052505966587,327,0.32139303482587067,233
Illinois Chicago,MVC,0.40562466197944835,182,0.7510729613733905,315,0.4338461538461538,106,0.33879781420765026,303,0.49560865416447586,186,0.5853333333333334,266,0.2969172525689562,81,0.2118156283096192,88,0.25202812330989727,103,0.2960352422907489,131
Indiana,B10,0.4052325581395349,179,0.7219626168224299,217,0.44146341463414634,138,0.3142857142857143,205,0.4865536178418714,145,0.47058823529411764,26,0.28488372093023256,57,0.17542949980987937,266,0.24883720930232558,96,0.24881291547958215,14
IUPUI,Horz,0.42672858617131065,280,0.7547826086956522,328,0.4718460441910192,252,0.308411214953271,175,0.514148790506618,261,0.5259975816203144,122,0.2760577915376677,36,0.16723679209426073,306,0.29669762641898867,228,0.3385281385281385,278
Notre Dame,ACC,0.3771078180889116,38,0.6862302483069977,66,0.4225663716814159,62,0.27454242928452577,24,0.4519220045354846,19,0.5094850948509485,80,0.30710270822687785,114,0.22001362852130543,60,0.22636688809402147,45,0.2934179222839017,117
Southern Indiana,OVC,0.36427320490367776,20,0.7231404958677686,221,0.409306742640076,30,0.2924242424242424,77,0.4649629275789736,44,0.5096153846153846,82,0.38528896672504376,331,0.17303860950810662,277,0.2825452422650321,192,0.2839614373356705,86
Bellarmine,ASun,0.43909866017052374,320,0.7308970099667774,257,0.5148609779482263,344,0.3071786310517529,167,0.5417226044638361,340,0.46879334257975036,24,0.36479902557856275,298,0.18955492842813912,193,0.36662606577344703,335,0.33535353535353535,271
Murray St.,MVC,0.45030538589672403,341,0.7276688453159041,242,0.49640287769784175,322,0.34545454545454546,328,0.5357071534129488,330,0.530209617755857,136,0.3053858967240422,109,0.18676714197550914,207,0.25485841199333703,110,0.26990291262135924,48
Northern Kentucky,Horz,0.4389582202930005,318,0.7153284671532847,184,0.49316170555108607,314,0.32666666666666666,267,0.5292401589159933,312,0.5129789864029666,93,0.32555615843733043,176,0.1620348033066358,326,0.29734129137276183,231,0.3122130394857668,194
Kentucky,SEC,0.4650184113624408,353,0.7474747474747475,309,0.5326821938392187,353,0.30701754385964913,165,0.546299792335284,346,0.6097285067873304,307,0.2998421883219358,91,0.1912359722116192,180,0.26038926880589164,123,0.33365019011406843,267
Louisville,ACC,0.41680305510092747,240,0.7056603773584905,133,0.47249190938511326,256,0.3015075376884422,122,0.5038234440034847,223,0.5052356020942408,75,0.32569558101472995,177,0.2259103851341226,44,0.28914348063284234,206,0.28748890860692106,100
Western Kentucky,CUSA,0.4040219378427788,173,0.7217235188509874,215,0.47082906857727735,249,0.3057228915662651,156,0.5119082965727859,255,0.6078431372549019,304,0.40463132236441196,345,0.2367385920326335,22,0.33942717854966487,308,0.36162005785920925,326
LSU,SEC,0.3673170731707317,24,0.6660341555977229,15,0.40414507772020725,18,0.296137339055794,97,0.45225866390870684,20,0.47410358565737054,30,0.3409756097560976,222,0.22434633635634355,46,0.2570731707317073,113,0.28644688644688643,95
Boston College,ACC,0.45,340,0.7429078014184397,296,0.5111940298507462,342,0.30357142857142855,135,0.5351091166393566,329,0.5309941520467836,141,0.29473684210526313,73,0.24124387176987525,16,0.2968421052631579,229,0.3647912885662432,329
Boston University,Pat,0.3871517907902217,83,0.7419354838709677,290,0.418212478920742,49,0.3228621291448517,251,0.4740778496681715,73,0.5814977973568282,257,0.32575326890278566,178,0.16393585194461835,317,0.2114837976122797,22,0.3299065420560748,259
Holy Cross,Pat,0.36385836385836384,18,0.717439293598234,200,0.41098317094774134,34,0.2593320235756385,5,0.44875144231815906,14,0.5302013422818792,135,0.31074481074481075,127,0.15847425022442888,334,0.2765567765567766,179,0.2556390977443609,26
Harvard,Ivy,0.4067796610169492,191,0.7170626349892009,198,0.45716945996275604,202,0.2891304347826087,56,0.4928872315447828,177,0.5625,209,0.29986962190352023,92,0.1901459649907723,187,0.30182529335071706,240,0.3141640042598509,205
Northeastern,CAA,0.40812112869924294,199,0.7270114942528736,240,0.46864686468646866,239,0.3069852941176471,164,0.49996264289094217,203,0.5699831365935919,228,0.37439779766001374,317,0.18641217352541894,210,0.23950447350309703,73,0.36579841449603623,333
Massachusetts,A10,0.4457494407158837,331,0.762063227953411,336,0.5039647577092511,336,0.3445635528330781,325,0.5547056186782561,354,0.6461731493099122,339,0.36521252796420584,300,0.21194575417364192,85,0.33612975391498884,305,0.3682664054848188,336
Mount St. Mary's,MAAC,0.38089330024813894,58,0.7188264058679706,207,0.4357976653696498,115,0.2842465753424658,38,0.4709926560860733,61,0.5749185667752443,241,0.36228287841191065,291,0.21161833028297902,89,0.25372208436724564,109,0.3216374269005848,235
Towson,CAA,0.4028553693358163,165,0.6983122362869199,103,0.44301628106255353,144,0.2972972972972973,102,0.48390819758622966,127,0.46533127889060094,21,0.2756052141527002,35,0.18898536254880638,195,0.2942271880819367,222,0.29060665362035226,107
Maryland,B10,0.41392649903288203,227,0.7655310621242485,339,0.4756468797564688,267,0.3063660477453581,160,0.5081833919110319,242,0.6086448598130841,306,0.3646034816247582,297,0.1886819220020145,196,0.24129593810444874,78,0.31361426256077796,204
Michigan St.,B10,0.4326036866359447,305,0.7387387387387387,285,0.47748513169073914,274,0.33810375670840787,301,0.5226886753375859,290,0.5805592543275633,255,0.3220046082949309,159,0.22071046982682094,58,0.2557603686635945,111,0.2634146341463415,36
Michigan,B10,0.42865200225606315,295,0.7286821705426356,246,0.4863436123348018,304,0.32601880877742945,264,0.5259894802103958,303,0.5447368421052632,172,0.3598420755781162,283,0.21599034119417962,70,0.2910321489001692,212,0.2554399243140965,24
Minnesota,B10,0.4217199558985667,260,0.7289002557544757,247,0.4696282864913871,245,0.34739803094233473,330,0.5191234819036877,281,0.6509803921568628,344,0.39195148842337374,340,0.19757256448380633,145,0.2155457552370452,31,0.2696526508226691,47
Saint Louis,A10,0.4480728051391863,334,0.7089430894308943,160,0.5061425061425061,337,0.3384853168469861,302,0.5445151033386327,344,0.5675029868578255,218,0.34635974304068523,243,0.2130556373270533,80,0.3292291220556745,296,0.35537190082644626,310
UMKC,Sum,0.40829825616355986,203,0.7261410788381742,233,0.4461538461538462,155,0.3184584178498986,225,0.5148602810531416,266,0.5449189985272459,173,0.29645219482862295,77,0.1897657374689177,189,0.43475646422128683,355,0.30991337824831566,182
Missouri,SEC,0.42110817941952505,254,0.7276785714285714,243,0.4773462783171521,273,0.3156297420333839,210,0.5090530179913199,247,0.531328320802005,143,0.34775725593667545,250,0.16386104583313352,318,0.23641160949868073,66,0.2981691368788143,133
Mississippi,SEC,0.3773477518497439,41,0.7181467181467182,203,0.3974358974358974,13,0.31554524361948955,208,0.46198335449287625,35,0.5535444947209653,187,0.24530449630051224,3,0.2094849696525576,96,0.2948207171314741,224,0.29094076655052264,108
Montana St.,BSky,0.38613861386138615,80,0.7055084745762712,132,0.4298978644382544,86,0.3125,200,0.48293742336388384,122,0.5339366515837104,150,0.372743156668608,312,0.22786719514739154,37,0.2748980780430984,170,0.3202195791399817,226
Montana,BSky,0.4087938205585264,205,0.75,314,0.4410480349344978,135,0.34014869888475835,313,0.4976498364632746,193,0.501453488372093,65,0.3196672608437314,150,0.15664389317160496,337,0.22103386809269163,36,0.23980582524271846,10
Duke,ACC,0.3642651296829971,19,0.6920222634508348,80,0.38258785942492013,2,0.3167701863354037,216,0.4538171345124128,21,0.4541139240506329,17,0.27838616714697406,43,0.21432896707779586,76,0.3106628242074928,262,0.30423509075194466,152
East Carolina,Amer,0.3874024526198439,85,0.6788830715532286,42,0.42574257425742573,76,0.3075601374570447,169,0.4784665611010107,97,0.637410071942446,328,0.32441471571906355,172,0.24472891566265062,13,0.3193979933110368,281,0.38277919863597615,346
North Carolina St.,ACC,0.3544007490636704,7,0.7537537537537538,324,0.3860894251242016,7,0.29298486932599727,82,0.4337311392671258,4,0.47688243064729197,32,0.3403558052434457,219,0.16130691672300773,327,0.15589887640449437,3,0.2494654312188168,15
North Carolina,ACC,0.37722222222222224,39,0.7224489795918367,220,0.40881590319792566,28,0.3203732503888025,238,0.4757888469934511,79,0.5596465390279823,201,0.3572222222222222,278,0.19684411858463502,149,0.2722222222222222,162,0.27969018932874357,72
Wake Forest,ACC,0.43907916900617633,319,0.7426470588235294,295,0.4843492586490939,300,0.3421516754850088,317,0.5350531588429784,328,0.5217391304347826,110,0.3183604716451432,145,0.19422819220215684,164,0.3054463784390792,251,0.33463796477495106,268
North Dakota,Sum,0.4316877152698048,304,0.7059859154929577,134,0.4908256880733945,312,0.3328220858895706,284,0.5326519137314751,320,0.5199468085106383,107,0.3742824339839265,316,0.1682728441868622,304,0.32606199770378874,294,0.3279313632030505,251
Creighton,BE,0.39919586444572086,144,0.7139737991266376,176,0.43593875906526997,116,0.308,171,0.48159092313077856,118,0.5640287769784172,210,0.2871912693854107,61,0.16289452364125281,322,0.2630672027570362,131,0.27089072543618,51
Nebraska,B10,0.4066047471620227,189,0.7237687366167024,227,0.46639676113360323,234,0.3015647226173542,123,0.49592251852128316,187,0.5647208121827412,212,0.3627450980392157,293,0.17952290543851054,243,0.24097007223942207,77,0.2382522671063479,7
Dartmouth,Ivy,0.408929836995039,206,0.6811594202898551,52,0.4482758620689655,164,0.32599118942731276,263,0.4803339369407755,112,0.5684575389948007,221,0.32175761871013464,158,0.15900743527725522,333,0.1467044649184975,2,0.32662721893491126,249
New Hampshire,AE,0.4136460554371002,224,0.7450980392156863,302,0.47885572139303484,279,0.32669983416252074,268,0.5247333787156796,299,0.6099656357388317,308,0.42857142857142855,356,0.2403615957711681,18,0.2899786780383795,208,0.3051044083526682,159
Fairleigh Dickinson,NEC,0.40206812652068125,160,0.7785547785547785,346,0.442159383033419,141,0.3039832285115304,140,0.49133547218402845,166,0.5325264750378215,148,0.29014598540145986,68,0.1724791851035778,279,0.26094890510948904,124,0.30930930930930933,177
Princeton,Ivy,0.39492753623188404,122,0.7060367454068242,136,0.404320987654321,20,0.37254901960784315,351,0.488162621798351,152,0.5302752293577981,138,0.2956521739130435,75,0.23370501673565586,25,0.27608695652173915,174,0.28255813953488373,82
Rutgers,B10,0.4294416243654822,301,0.7021630615640599,117,0.47608024691358025,271,0.3397626112759644,308,0.5225022824510839,289,0.6442080378250591,338,0.34213197969543147,229,0.16856190277736433,301,0.3050761421319797,249,0.3330550918196995,266
New Mexico St.,CUSA,0.40294323756131745,166,0.6832669322709163,57,0.4668803418803419,236,0.28105906313645623,29,0.4948782678350365,182,0.5095652173913043,81,0.34407848633496846,235,0.22192003324078793,53,0.35178696566222845,320,0.3094958968347011,179
New Mexico,MWC,0.38421052631578945,71,0.6923076923076923,81,0.43047460449625313,89,0.30472103004291845,146,0.4645129711209006,41,0.5684931506849316,222,0.3678947368421053,303,0.17220421393841168,282,0.17105263157894737,4,0.23880597014925373,8
Columbia,Ivy,0.39543726235741444,124,0.7475247524752475,310,0.4292155094679892,85,0.31556503198294245,209,0.48355128263543995,125,0.5705128205128205,229,0.29721166032953106,83,0.19117728353203484,181,0.25602027883396705,112,0.2918807810894142,112
Cornell,Ivy,0.42828418230563003,292,0.7088888888888889,159,0.4849699398797595,301,0.31376518218623484,203,0.5183431952662721,276,0.6071987480438185,302,0.33109919571045576,193,0.1902252036415908,186,0.30160857908847183,239,0.3311036789297659,264
St. Bonaventure,A10,0.4375363160952934,314,0.6957605985037406,95,0.48525469168900803,302,0.3488372093023256,336,0.5257083227928155,302,0.5179282868525896,101,0.3497966298663568,257,0.19614987036315262,153,0.23300406740267288,58,0.3157370517928287,214
Syracuse,ACC,0.4004317323259579,149,0.7331786542923434,267,0.4486486486486487,169,0.2885304659498208,54,0.4800160576508831,107,0.6078167115902965,303,0.3011332973556395,99,0.19411040621153297,167,0.2325957906098219,55,0.33998265394622723,280
Bowling Green,MAC,0.42788171394085694,289,0.7425287356321839,293,0.463898916967509,225,0.3551912568306011,342,0.5236961696602467,297,0.5528913963328632,185,0.3313216656608328,194,0.16828653707703384,303,0.26252263126131564,130,0.30220883534136544,144
Miami OH,MAC,0.3970315398886827,134,0.6910569105691057,77,0.4450373532550694,150,0.33088235294117646,281,0.5042323886816328,225,0.616822429906542,314,0.4205318491032777,354,0.2081641819406775,104,0.3042671614100185,247,0.3474088291746641,297
Ohio St.,B10,0.40933899332929047,207,0.7453027139874739,303,0.4619516562220233,218,0.29887218045112784,109,0.5016776358239773,212,0.5288888888888889,132,0.3226197695573075,163,0.24515374874176055,12,0.29047907822922986,210,0.3073122529644269,168
Ohio,MAC,0.42314436002337813,263,0.7320143884892086,262,0.5034414945919371,334,0.30547550432276654,154,0.5284714978216849,306,0.600828729281768,293,0.40561075394506135,346,0.24071687037008274,17,0.3249561659848042,290,0.38049713193116635,343
Oklahoma St.,B12,0.41,210,0.7276887871853547,244,0.47115384615384615,250,0.30335365853658536,133,0.5001806974923204,205,0.540650406504065,165,0.36444444444444446,296,0.17955095787965145,242,0.2427777777777778,82,0.2857142857142857,92
Oral Roberts,Sum,0.4569575471698113,347,0.7157676348547718,186,0.5232974910394266,350,0.3293103448275862,274,0.5466227831118192,347,0.5535483870967742,188,0.3419811320754717,227,0.22121726637497552,56,0.2841981132075472,195,0.3302277432712215,261
Oklahoma,B12,0.391851106639839,104,0.7070524412296564,147,0.4353891336270191,113,0.2971246006389776,101,0.47841636340820676,96,0.47753530166880614,33,0.3148893360160966,138,0.1866351719813948,208,0.27816901408450706,183,0.27874015748031494,69
Tulsa,Amer,0.37740384615384615,42,0.7363636363636363,275,0.4132791327913279,43,0.2897350993377483,63,0.46296296296296297,38,0.43439490445859874,9,0.2903846153846154,69,0.16384587684551674,319,0.2644230769230769,137,0.3147735708982925,210
Oregon St.,P12,0.35930962343096234,10,0.7520661157024794,319,0.38974358974358975,9,0.283363802559415,33,0.43538702141216,6,0.4657933042212518,22,0.2860878661087866,59,0.11868704056629459,358,0.18985355648535565,13,0.25307125307125306,19
Penn St.,B10,0.41706161137440756,242,0.7470489038785835,308,0.46500777604976673,228,0.3164763458401305,215,0.514139412570836,260,0.5744949494949495,239,0.3228014744602422,164,0.2090870475883585,99,0.3122696155871511,266,0.2937554969217238,119
Temple,Amer,0.39055299539170507,95,0.7337662337662337,270,0.43368592351505286,105,0.2859960552268245,41,0.48653738839285715,144,0.5707964601769911,230,0.29205069124423966,72,0.2277764097512928,38,0.3548387096774194,324,0.3279424977538185,252
Penn,Ivy,0.4192021636240703,249,0.7305555555555555,254,0.4713870029097963,251,0.29910714285714285,111,0.4998778551361915,202,0.5806451612903226,256,0.3029073698444895,102,0.17486393872203185,267,0.2434077079107505,83,0.3067552602436323,166
Pittsburgh,ACC,0.4108164326573063,213,0.7464788732394366,305,0.4495335029686175,175,0.34946236559139787,338,0.5161835568338875,269,0.640506329113924,334,0.3868954758190328,334,0.17426976342494063,271,0.2584503380135205,118,0.3052721088435374,161
Villanova,BE,0.40131578947368424,155,0.7405541561712846,288,0.4291632145816073,84,0.32903225806451614,273,0.48438278423982495,132,0.5439642324888226,170,0.27811004784689,42,0.19942081259645897,138,0.2374401913875598,68,0.32722007722007723,250
Brown,Ivy,0.4014175257731959,156,0.7062146892655368,138,0.4370503597122302,122,0.31136363636363634,193,0.4781116784559891,92,0.5248796147672552,120,0.28350515463917525,54,0.19889668630615076,140,0.22809278350515463,50,0.3651987110633727,330
Rhode Island,A10,0.3919277748274031,107,0.7328767123287672,266,0.4248265227447957,69,0.3191126279863481,229,0.4779064613724395,91,0.5420054200542005,168,0.3112055231014339,129,0.21573872566799662,71,0.23260754115772703,56,0.2754844144903117,62
Clemson,ACC,0.4304190377651319,303,0.7067307692307693,144,0.4907778668805132,310,0.3206997084548105,240,0.5146405549989603,265,0.5997596153846154,291,0.35488877392653906,270,0.18015993552986392,239,0.21520951888256595,28,0.32130281690140844,232
Furman,SC,0.41397533763945976,229,0.6666666666666666,16,0.4740932642487047,263,0.28623853211009176,42,0.4883641922880924,154,0.5035460992907801,71,0.32002348796241925,154,0.16859089785686543,300,0.24133881385789782,79,0.30401529636711283,151
College of Charleston,CAA,0.3961799137399877,128,0.6519721577726219,7,0.4543707973102786,191,0.2920962199312715,76,0.4791354047135669,102,0.578538102643857,252,0.3585951940850277,281,0.22952937976060933,35,0.26555760936537276,142,0.32951289398280803,256
South Dakota,Sum,0.40515350877192985,177,0.7072072072072072,150,0.46923076923076923,241,0.290519877675841,69,0.4907495444101101,162,0.5345060893098782,153,0.35855263157894735,280,0.15767344078486334,335,0.24342105263157895,84,0.2768259693417493,65
Memphis,Amer,0.4418170504044804,327,0.7210776545166403,214,0.4837133550488599,297,0.30606860158311344,159,0.5282175906273877,305,0.523943661971831,115,0.2358431860609832,2,0.2359484967405053,24,0.3926571250777847,345,0.30962343096234307,180
Chattanooga,SC,0.3784477228992944,45,0.6923076923076923,81,0.4215600350569676,60,0.2607655502392344,7,0.4601364697432214,34,0.42033898305084744,6,0.268120590121873,23,0.17803771078557987,251,0.32520846696600386,291,0.26112759643916916,35
Vanderbilt,SEC,0.4011331444759207,153,0.7036199095022625,125,0.46262093227792433,222,0.2898089171974522,64,0.4871190315798069,147,0.5268361581920904,124,0.35580736543909347,273,0.218546110038764,63,0.25042492917847026,100,0.3104693140794224,186
Baylor,B12,0.3945885005636979,117,0.6898876404494382,73,0.45169082125603865,184,0.26127819548872183,8,0.4685754898974515,55,0.51,86,0.29988726042841035,93,0.22746882108400657,41,0.2508455467869222,102,0.24622222222222223,13
Rice,Amer,0.40191118605958404,159,0.7015985790408525,115,0.4362934362934363,118,0.30991735537190085,182,0.4872404673561222,149,0.5398601398601398,164,0.2720629567172569,25,0.20355874123675688,122,0.3164699269252389,275,0.3050397877984085,157
Texas A&M,SEC,0.37142857142857144,30,0.7176015473887815,201,0.4024,16,0.294,85,0.4596759512106317,33,0.5769230769230769,246,0.2857142857142857,58,0.2011731058219012,132,0.29542857142857143,226,0.2586505190311419,33
Houston,B12,0.4376470588235294,315,0.7568555758683729,330,0.4908026755852843,311,0.3115079365079365,195,0.5304841601912731,314,0.5698924731182796,227,0.2964705882352941,78,0.24624419345316698,10,0.32176470588235295,283,0.3579154375614553,316
North Texas,Amer,0.37986507524649715,53,0.6464208242950108,4,0.4430992736077482,145,0.26598837209302323,11,0.45660706907561127,28,0.5013661202185792,64,0.3570316554229372,276,0.1857911798886782,214,0.239231966787753,70,0.31421647819063003,206
UT Arlington,WAC,0.4067524115755627,190,0.7089430894308943,160,0.43993506493506496,130,0.3422712933753943,319,0.5080501731723299,239,0.6403162055335968,333,0.3397642015005359,217,0.1828195517478773,228,0.3295819935691318,297,0.33784928027095684,276
Texas,B12,0.385595567867036,78,0.6856581532416502,65,0.42045454545454547,55,0.3106457242582897,188,0.4729023736298399,66,0.5373563218390804,158,0.3174515235457064,140,0.24544805426633345,11,0.281994459833795,191,0.2796610169491525,71
BYU,B12,0.3930635838150289,111,0.730072463768116,252,0.4209702660406886,57,0.336,294,0.49140678882323335,168,0.5213903743315508,109,0.3284287966368891,185,0.15412632840339313,339,0.2900683131897005,209,0.25859247135842883,32
Southern Utah,WAC,0.4353932584269663,311,0.7489082969432315,312,0.48307184145334436,295,0.3339191564147627,286,0.5256066050304816,300,0.5470967741935484,178,0.3196629213483146,149,0.1341478335343366,356,0.2573033707865168,114,0.3062200956937799,164
Utah,P12,0.4214780600461894,258,0.7043478260869566,129,0.45850451930977815,206,0.3339805825242718,287,0.4976642955727784,194,0.5534246575342465,186,0.29734411085450346,84,0.19831475019150566,143,0.19919168591224018,17,0.23676612127045235,6
James Madison,SB,0.36181384248210025,14,0.7264492753623188,235,0.4051851851851852,21,0.2832214765100671,31,0.4551131794617345,25,0.5092348284960422,79,0.3556085918854415,272,0.1432822256750022,350,0.26348448687350834,132,0.267870036101083,43
Richmond,A10,0.36534749034749037,22,0.7159090909090909,187,0.4041731066460587,19,0.30077120822622105,115,0.4552877824858757,27,0.5112285336856011,88,0.3754826254826255,318,0.1778197125852809,254,0.21235521235521235,24,0.31469052945563014,209
Virginia,ACC,0.3984799131378936,141,0.7244367417677643,229,0.4492512479201331,173,0.303125,130,0.49621161516880735,189,0.6008174386920981,292,0.3474484256243214,248,0.17901350631443702,247,0.3132464712269272,267,0.29245283018867924,113
Virginia Tech,ACC,0.3789929615592853,47,0.7458677685950413,304,0.4123401053423627,39,0.29343629343629346,84,0.4643294044544554,40,0.4057142857142857,4,0.28045479155387115,49,0.14841088732347785,348,0.26204656199242016,129,0.25738396624472576,30
Vermont,AE,0.38235294117647056,62,0.6856435643564357,64,0.4211864406779661,59,0.2727272727272727,20,0.4541717349191332,24,0.42716857610474634,7,0.2615769712140175,16,0.18421874712876016,220,0.2528160200250313,106,0.2804757185332012,78
Washington,P12,0.39044289044289043,93,0.6913265306122449,78,0.43313708999158956,104,0.29411764705882354,86,0.46757180377870033,52,0.5,61,0.3071095571095571,115,0.18264603026211004,229,0.22843822843822845,51,0.28305400372439476,83
Washington St.,P12,0.3909422175950026,99,0.738498789346247,284,0.4111271676300578,35,0.33891992551210426,304,0.47295883427180035,67,0.5099866844207723,85,0.2795419052576783,45,0.17239207783620392,280,0.21499219156689225,27,0.305,156
Marquette,BE,0.39850057670126876,142,0.6954436450839329,91,0.43044189852700493,88,0.322265625,245,0.479014122702714,100,0.5050651230101303,74,0.2952710495963091,74,0.20682694375961744,113,0.24048442906574394,76,0.23055295220243674,4
Milwaukee,Horz,0.3942196531791908,114,0.7423664122137404,292,0.44608695652173913,153,0.2913793103448276,73,0.48914595829762925,156,0.5733137829912024,237,0.3352601156069364,208,0.1733036482315438,276,0.30289017341040464,241,0.30591497227356745,163
Wisconsin,B10,0.40601930721181145,185,0.7160751565762005,190,0.43902439024390244,128,0.3442088091353997,324,0.5031038260234512,217,0.5944055944055944,285,0.3480976717773992,252,0.17766582143333776,256,0.2720045428733674,160,0.32007233273056057,225
Marshall,SB,0.45033482142857145,342,0.6566929133858268,9,0.4981467753891772,327,0.3047404063205418,147,0.5228347977213479,291,0.4795539033457249,36,0.24720982142857142,4,0.25526713166031495,5,0.35435267857142855,323,0.35959221501390176,320
West Virginia,B12,0.4012422360248447,154,0.706,135,0.44642857142857145,158,0.2979591836734694,106,0.489344262295082,157,0.5309597523219814,140,0.30434782608695654,106,0.2887679751263117,2,0.3105590062111801,261,0.3184584178498986,222
Fresno St.,MWC,0.44777031154551006,333,0.7104722792607803,168,0.48429319371727747,299,0.3625254582484725,348,0.5374659694913789,333,0.5006821282401092,62,0.2999389126450825,94,0.21398729662715263,77,0.2974954184483812,232,0.29096638655462187,109
Pacific,WCC,0.41422594142259417,230,0.7201426024955436,212,0.4453125,151,0.3512658227848101,340,0.5118489559207723,254,0.6325757575757576,326,0.3305439330543933,191,0.1923048143547687,173,0.29341004184100417,219,0.31115107913669066,188
Indiana St.,MVC,0.42504409171075835,272,0.726984126984127,239,0.48727272727272725,306,0.31114808652246256,192,0.5285107673642705,307,0.5435684647302904,169,0.3533215755437978,264,0.18733053980773973,203,0.37037037037037035,336,0.32637571157495254,248
Stonehill,NEC,0.4355099838100378,312,0.6735159817351598,23,0.4875659382064808,308,0.3041825095057034,142,0.5056899282404239,231,0.5018587360594795,67,0.2838640043173233,55,0.16898753716913376,297,0.2363734484619536,65,0.36129032258064514,324
Lipscomb,ASun,0.3904494382022472,94,0.7065727699530516,143,0.4329896907216495,103,0.31006493506493504,184,0.47828650428983854,95,0.48201438848920863,41,0.34606741573033706,239,0.16614111823144476,312,0.2393258426966292,71,0.29573712255772644,129
Georgia Southern,SB,0.3888605007664793,91,0.6790123456790124,44,0.41935483870967744,51,0.31871838111298484,226,0.47967994576561473,106,0.5098554533508541,83,0.3030148185998978,104,0.20241042716070465,126,0.3311190597853858,300,0.3458823529411765,293
UT Rio Grande Valley,WAC,0.428328611898017,293,0.7379912663755459,281,0.4728213977566868,257,0.3432343234323432,323,0.523259361715111,293,0.582010582010582,259,0.343342776203966,234,0.17667844522968199,261,0.2594900849858357,121,0.31543624161073824,212
Jacksonville,ASun,0.4268221574344023,282,0.6801872074882995,49,0.49955396966993754,329,0.2895622895622896,60,0.5187677763089372,279,0.5204918032786885,108,0.34635568513119536,242,0.21191457119856041,86,0.37376093294460644,337,0.3778213935230618,340
Old Dominion,SB,0.3853690398432397,74,0.6998444790046656,109,0.44106090373280943,136,0.27485380116959063,25,0.48816926876598743,153,0.5186440677966102,102,0.3350751143043762,207,0.2482469373207566,8,0.4199869366427172,353,0.30186823992133727,143
Long Beach St.,BW,0.39433551198257083,115,0.7169459962756052,196,0.4500412881915772,178,0.2864,43,0.4854556334086127,136,0.5193370165745856,106,0.3404139433551198,220,0.21184506785127485,87,0.29248366013071897,215,0.3576956147893379,315
UC Irvine,BW,0.39157036029911624,102,0.6943127962085308,87,0.4290187891440501,83,0.3216374269005848,242,0.48591158220054564,138,0.5885416666666666,274,0.3487423521414004,254,0.25229274985557476,6,0.2868796736913664,202,0.2846320346320346,90
San Diego,WCC,0.4288977727013135,297,0.7140039447731755,178,0.4603174603174603,212,0.34826883910386963,332,0.5154299724428595,268,0.6018641810918774,296,0.2804111936036551,48,0.18496498876998282,217,0.289548829240434,207,0.34202898550724636,284
UC Davis,BW,0.3853779429987608,75,0.7266514806378133,237,0.3990990990990991,14,0.3551587301587302,341,0.4819717125213041,120,0.5144694533762058,94,0.31226765799256506,133,0.17936934645983943,244,0.27199504337050806,159,0.26993275696445723,49
Idaho St.,BSky,0.3856124432922878,79,0.7101449275362319,166,0.4350282485875706,112,0.3191489361702128,230,0.5017134409926759,214,0.6168067226890757,313,0.42644199611147116,355,0.19623021945379587,152,0.3577446532728451,328,0.2931726907630522,116
DePaul,BE,0.43457943925233644,309,0.7236842105263158,226,0.471858134155744,253,0.35771065182829886,344,0.5286841228102663,310,0.5878136200716846,271,0.3265835929387331,181,0.20529197080291972,119,0.2762201453790239,175,0.28321678321678323,84
Louisiana Lafayette,SB,0.38404726735598227,70,0.7063655030800822,140,0.4546525323910483,194,0.26534653465346536,10,0.4839696992883924,128,0.5557692307692308,194,0.37296898079763663,313,0.22296212616683514,51,0.35967503692762187,330,0.33183352080989875,265
Maine,AE,0.4099526066350711,208,0.6603325415676959,11,0.4533333333333333,186,0.30327868852459017,132,0.4831201554525848,124,0.5621387283236994,205,0.2890995260663507,66,0.19680650361883856,150,0.24940758293838863,98,0.24236641221374045,11
Iona,MAAC,0.41375291375291373,226,0.698005698005698,101,0.46535500427716,230,0.30347349177330896,134,0.48945702615427383,158,0.5943661971830986,284,0.31876456876456877,147,0.17617730483959057,263,0.20454545454545456,18,0.32149712092130517,234
Niagara,MAAC,0.45912722802704364,351,0.7147385103011094,182,0.5185185185185185,345,0.3225152129817444,247,0.5523353494623656,352,0.6626506024096386,349,0.3030116779348494,103,0.30274853201739615,1,0.3878303626306085,343,0.36205016357688113,327
Lafayette,Pat,0.40827023878858476,201,0.7307692307692307,256,0.451528384279476,183,0.32167832167832167,243,0.4993512880071986,200,0.6262482168330956,322,0.33313919627256844,202,0.17053738804415747,289,0.25742574257425743,115,0.3087818696883853,175
Coastal Carolina,SB,0.4052932018681889,181,0.6713615023474179,22,0.44841592201462227,167,0.3290229885057471,272,0.5026809651474531,216,0.5275288092189501,129,0.3611831862999481,287,0.18792568293149356,199,0.33160352880124544,301,0.36231884057971014,328
Cleveland St.,Horz,0.3805309734513274,57,0.7197309417040358,211,0.4265202702702703,78,0.3066485753052917,161,0.4744384198295895,75,0.6142270861833106,311,0.38365434669443,329,0.21211354400797847,82,0.23217074440395627,54,0.27990235964198534,75
Texas St.,SB,0.4197612732095491,251,0.7168316831683168,195,0.4815533980582524,290,0.28661087866108786,46,0.5100566408507687,251,0.5055292259083728,76,0.3169761273209549,139,0.23143212508884153,30,0.3348806366047745,303,0.35560344827586204,312
Utah St.,MWC,0.4401129943502825,324,0.6900212314225053,74,0.5032139577594124,333,0.3392070484581498,306,0.5345835609233073,326,0.6418485237483954,336,0.3847457627118644,330,0.15294057166358216,343,0.26610169491525426,146,0.353440150801131,305
Eastern Washington,BSky,0.3721351025331725,32,0.7649769585253456,338,0.4034042553191489,17,0.29606625258799174,96,0.46215169608861195,36,0.49756888168557534,56,0.2913148371531966,71,0.210844401953085,92,0.2617611580217129,127,0.28305400372439476,83
Alabama,SEC,0.3906829010058232,97,0.6918489065606361,79,0.4289897510980966,82,0.29063097514340347,70,0.4681754425869062,53,0.5311653116531165,142,0.27686606670195874,38,0.2079329810233005,107,0.266278454208576,147,0.3248355263157895,244
Kennesaw St.,ASun,0.4268292682926829,283,0.7021696252465484,118,0.4819863680623174,293,0.32015065913371,237,0.5210321827205965,288,0.5849624060150376,264,0.34082156611039793,221,0.1988232542238696,142,0.32541720154043646,292,0.3050847457627119,158
Evansville,MVC,0.46546546546546547,354,0.7293934681181959,249,0.5361488904795991,354,0.3011647254575707,119,0.5502165792750293,350,0.532258064516129,146,0.3008008008008008,97,0.1672191958874301,307,0.32182182182182184,284,0.31161971830985913,191
Mississippi St.,SEC,0.39654320987654323,132,0.675990675990676,30,0.43832599118942733,124,0.31070889894419307,189,0.47475787799942176,77,0.5379825653798257,160,0.3274074074074074,183,0.170180226107296,291,0.21185185185185185,23,0.2946783161239079,124
Army,Pat,0.4528960223307746,346,0.7368421052631579,277,0.5068093385214008,338,0.3160493827160494,212,0.5346396777241756,327,0.5916795069337443,278,0.2826238660153524,53,0.20782444251832008,110,0.2784368457780879,184,0.28426395939086296,88
UNC Wilmington,CAA,0.4454643628509719,330,0.7095808383233533,164,0.5019700551615445,332,0.32246998284734135,246,0.5190198903429784,280,0.5866666666666667,267,0.3147948164146868,137,0.18607794915226633,212,0.18034557235421167,7,0.3860640301318267,347
Illinois,B10,0.42373853211009177,265,0.7546728971962616,326,0.4817073170731707,291,0.31208053691275167,199,0.5141487952306036,262,0.5751014884979703,242,0.34174311926605505,226,0.1806370636724448,236,0.24541284403669725,89,0.2915451895043732,110
Texas A&M Corpus Chris,Slnd,0.36094276094276095,13,0.7121588089330024,170,0.41194331983805665,38,0.2595573440643863,6,0.44756725540208864,11,0.5783582089552238,251,0.3346801346801347,205,0.20891630023033145,100,0.2713804713804714,158,0.30992978936810434,183
Albany,AE,0.3719590268886043,31,0.7122507122507122,171,0.42030360531309297,54,0.27165354330708663,19,0.4515159283167486,17,0.4939759036144578,54,0.32522407170294493,175,0.19883870726834824,141,0.22471190781049935,43,0.2945973496432212,123
Florida Gulf Coast,ASun,0.4108843537414966,214,0.6689814814814815,21,0.44642857142857145,158,0.31773399014778325,221,0.48973543443689466,159,0.3890728476821192,2,0.2761904761904762,37,0.2430371897058019,14,0.2938775510204082,220,0.25513513513513514,23
Abilene Christian,WAC,0.42800265428002654,291,0.7279411764705882,245,0.49786324786324787,325,0.31348511383537653,202,0.5235633138059436,295,0.5503875968992248,180,0.3788984737889847,321,0.1920939679619836,174,0.2707365627073656,154,0.28650442477876104,96
Air Force,MWC,0.4426534407935524,329,0.7603448275862069,332,0.4875207986688852,307,0.31143552311435524,194,0.5344716839738786,325,0.4425770308123249,11,0.25480471171729696,8,0.22967177964703944,34,0.3595784252944823,329,0.34663865546218486,295
Akron,MAC,0.42408066429418745,266,0.6901098901098901,75,0.4800708591674048,283,0.3105924596050269,186,0.5081645636729933,241,0.5622377622377622,206,0.330367734282325,189,0.18705284027239033,206,0.26986951364175565,153,0.3087378640776699,174
Alabama A&M,SWAC,0.3923973022685469,109,0.712430426716141,172,0.41830065359477125,50,0.3144963144963145,206,0.4796163069544364,105,0.4984375,58,0.24954015941140403,6,0.2108011287787898,93,0.33047210300429186,299,0.30938697318007663,178
Alabama St.,SWAC,0.425,271,0.7018544935805991,116,0.4667176740627391,235,0.304635761589404,144,0.5143973235868577,264,0.5775401069518716,250,0.25738636363636364,12,0.17409081471306959,273,0.39829545454545456,347,0.395910780669145,353
Alcorn St.,SWAC,0.3796178343949045,51,0.6752655538694993,29,0.42337164750957856,66,0.29277566539923955,80,0.4814619669240199,116,0.5721476510067114,232,0.33503184713375794,206,0.17917350703454607,246,0.4197452229299363,352,0.3310546875,263
Appalachian St.,SB,0.42321520287621983,264,0.7104377104377104,167,0.4562146892655367,197,0.3352165725047081,292,0.5089749859624336,246,0.4526699029126214,16,0.2727272727272727,27,0.2031493562727325,123,0.3050847457627119,250,0.3364485981308411,273
Arkansas Pine Bluff,SWAC,0.38726042841037206,84,0.6884057971014492,68,0.4248995983935743,71,0.29867674858223064,108,0.483009241432422,123,0.5953420669577875,286,0.29819616685456596,86,0.2053851449552513,117,0.38895152198421645,344,0.3262786596119929,247
Little Rock,OVC,0.41688829787234044,241,0.6994818652849741,108,0.4618434093161546,217,0.32525252525252524,260,0.517409993404444,274,0.4880382775119617,48,0.3291223404255319,187,0.22649707972697206,43,0.3849734042553192,342,0.3051742344244984,160
Arkansas St.,SB,0.41365979381443296,225,0.7338709677419355,272,0.4750254841997961,266,0.30823117338003503,172,0.5050475613167956,228,0.5623052959501558,207,0.36791237113402064,304,0.18752841339596907,201,0.23969072164948454,74,0.3,139
Austin Peay,ASun,0.38524077548467794,73,0.6902834008097166,76,0.4109470026064292,33,0.31919642857142855,231,0.4723733180647008,63,0.4837662337662338,43,0.2801751094434021,47,0.19500434327855484,158,0.3089430894308943,258,0.2771317829457364,66
Ball St.,MAC,0.41324921135646686,220,0.6771844660194175,32,0.4631185807656396,224,0.3093385214007782,177,0.49482528251466357,181,0.5587786259541985,199,0.32429022082018927,170,0.24203100056645557,15,0.2599369085173502,122,0.281661600810537,80
Belmont,MVC,0.3918918918918919,105,0.7178217821782178,202,0.44090528080469404,133,0.2915951972555746,74,0.47395790680533945,72,0.5272988505747126,128,0.32826576576576577,184,0.18449260359969277,219,0.22747747747747749,48,0.2883762200532387,103
Bethune Cookman,SWAC,0.38555691554467564,77,0.7001795332136446,111,0.43275862068965515,101,0.270042194092827,17,0.4731038593354195,68,0.5682539682539682,220,0.29008567931456547,67,0.22064800836139822,59,0.3408812729498164,310,0.34296724470134876,287
Binghamton,AE,0.40397762585456803,172,0.6419047619047619,1,0.4384805945499587,126,0.2989949748743719,110,0.4771739130434783,88,0.41384615384615386,5,0.2473586078309509,5,0.1865605658709107,209,0.3262896208825357,295,0.3378640776699029,277
Bucknell,Pat,0.39627805145046524,130,0.698019801980198,102,0.4433811802232855,146,0.2931937172774869,83,0.47337337137612484,70,0.5773480662983426,248,0.3136288998357964,136,0.16702953348069602,309,0.22112753147235906,37,0.3083778966131907,171
Buffalo,MAC,0.3854916067146283,76,0.668903803131991,20,0.46053946053946054,215,0.272863568215892,21,0.47380783834223567,71,0.6391912908242613,332,0.3998800959232614,344,0.18347579345617598,222,0.26798561151079137,150,0.31439046746104493,207
Butler,BE,0.42693236714975846,285,0.7037037037037037,126,0.4707423580786026,248,0.3287671232876712,270,0.5031803220354061,218,0.57991513437058,253,0.3085748792270531,119,0.1702375020760671,290,0.1956521739130435,14,0.29595015576323985,130
Campbell,CAA,0.38761308281141266,86,0.7030812324929971,122,0.4368159203980099,121,0.27314814814814814,22,0.46515858677105293,45,0.48114901256732495,40,0.30062630480167013,96,0.1723708257185579,281,0.24843423799582465,93,0.2560706401766004,27
Canisius,MAAC,0.406984126984127,193,0.7315270935960592,259,0.4806201550387597,284,0.26703499079189685,12,0.4915490066376223,169,0.5257410296411856,121,0.34476190476190477,236,0.17694213945105694,259,0.2577777777777778,116,0.27414330218068533,59
Central Arkansas,ASun,0.37647790914747975,36,0.68,48,0.41487455197132617,45,0.2892057026476578,57,0.4630541871921182,39,0.45454545454545453,18,0.3055382700684505,110,0.18181818181818182,232,0.3111387678904792,263,0.28330206378986866,85
Central Connecticut,NEC,0.41179976162097737,217,0.7333333333333333,269,0.45815358067299394,205,0.30828516377649323,173,0.503574432296047,220,0.487698986975398,47,0.30929678188319426,123,0.19743503206209922,147,0.3039332538736591,246,0.3713733075435203,339
UCF,B12,0.419631093544137,250,0.6983471074380165,104,0.47297297297297297,258,0.3049792531120332,150,0.5080995516938578,240,0.5023547880690737,68,0.31752305665349145,141,0.1975001854461835,146,0.3188405797101449,279,0.28680479825517996,97
Central Michigan,MAC,0.40757749712973596,197,0.7380952380952381,283,0.44227504244482174,142,0.3351063829787234,291,0.5012131929593683,210,0.53239436619718306,147,0.3237657864523536,168,0.15469651672112913,338,0.26521239954075776,140,0.3049907578558225,155
Charleston Southern,BSth,0.40350877192982454,169,0.7170212765957447,197,0.4387838948233361,127,0.32545454545454544,262,0.4919444725909413,170,0.517531556802244,99,0.311262026032824,130,0.19166188877057908,178,0.2659875495189587,144,0.3132969034608379,199
Chicago St.,ind,0.4574829931972789,348,0.6781045751633987,37,0.5205930807248764,348,0.3181818181818182,223,0.541981429021089,341,0.587360594795539,269,0.31179138321995464,132,0.16232161102139023,324,0.3469387755102041,315,0.4,354
Cincinnati,B12,0.4078567302137493,198,0.7233644859813084,223,0.4827586206896552,294,0.2857142857142857,40,0.5052379983726607,229,0.5849858356940509,265,0.3801270941652224,323,0.18114433247272424,233,0.30906990179087235,259,0.2899906454630496,106
Colgate,Pat,0.41827541827541825,247,0.6771084337349398,31,0.4602272727272727,209,0.2577639751552795,4,0.47909708626050906,101,0.5,61,0.2072072072072072,1,0.18262261131507107,230,0.26705276705276704,148,0.2555205047318612,25
Coppin St.,MEAC,0.4051665533650578,178,0.7008086253369272,113,0.4446529080675422,147,0.3012345679012346,120,0.48156941452907776,117,0.5050335570469798,73,0.27532290958531613,33,0.20754131429901468,111,0.2522093813732155,105,0.3425414364640884,285
Davidson,A10,0.3778280542986425,43,0.7307692307692307,256,0.407826982492276,25,0.29577464788732394,92,0.46474358974358976,42,0.39520958083832336,3,0.26772247360482654,22,0.20281060364100928,125,0.29411764705882354,221,0.30885780885780884,176
Dayton,A10,0.44002375296912116,323,0.6837121212121212,58,0.4720812182741117,254,0.3645418326693227,349,0.5286173499206813,309,0.5236167341430499,114,0.2980997624703088,85,0.17161482198744663,286,0.31353919239904987,268,0.29158316633266534,111
Delaware St.,MEAC,0.461376404494382,352,0.6776119402985075,33,0.5312169312169313,352,0.3235908141962422,256,0.5396461753850069,339,0.593607305936073,281,0.336376404494382,213,0.1880748165753849,198,0.23525280898876405,62,0.3813131313131313,345
Denver,Sum,0.4497323022010708,339,0.776824034334764,345,0.4913863822805578,313,0.3398268398268398,309,0.538429725774639,337,0.4894179894179894,51,0.27483640690065436,32,0.1669581809508666,310,0.2772159428911362,180,0.2938090241343127,120
Detroit,Horz,0.384016606123508,69,0.7217391304347827,216,0.42298670836591085,64,0.30709876543209874,166,0.48027522935779815,111,0.5013513513513513,63,0.33627400103788274,212,0.16920731707317074,295,0.2983912817851583,233,0.2745571658615137,61
Drake,MVC,0.41096579476861167,215,0.7420212765957447,291,0.4469230769230769,160,0.3430232558139535,322,0.4989690913143621,198,0.5410036719706243,166,0.3460764587525151,240,0.18009168303863785,241,0.1891348088531187,11,0.23564189189189189,5
Drexel,CAA,0.4046961325966851,176,0.708092485549133,156,0.4495145631067961,174,0.2942583732057416,87,0.481177823326501,115,0.5443686006825939,171,0.2886740331491713,64,0.21986700727364913,61,0.23895027624309392,69,0.3043968432919955,153
Duquesne,A10,0.390745501285347,98,0.746641074856046,306,0.41509433962264153,46,0.3447251114413076,326,0.49235594966517043,175,0.5644736842105263,211,0.3460154241645244,238,0.16607600374342218,313,0.267866323907455,149,0.28454619787408014,89
East Tennessee St.,SC,0.3791064388961892,48,0.6675324675324675,18,0.4107142857142857,32,0.31712062256809337,219,0.4652950218753695,46,0.4714038128249567,27,0.33771353482260186,215,0.1904853067866373,185,0.25295663600525625,108,0.3083832335329341,172
Eastern Illinois,OVC,0.410705596107056,211,0.7139874739039666,177,0.44205412907702984,140,0.33713355048859933,297,0.4936533436904173,180,0.5722748815165877,233,0.29878345498783454,87,0.17481498747159255,268,0.23309002433090023,59,0.3028391167192429,147
Eastern Kentucky,ASun,0.4167717528373266,239,0.7091932457786116,161,0.4624542124542125,220,0.3157894736842105,211,0.5097444686133632,250,0.5128593040847201,92,0.3114754098360656,131,0.21343518310492024,79,0.3360655737704918,304,0.2733812949640288,56
Eastern Michigan,MAC,0.4255189255189255,275,0.7161572052401747,191,0.4641544117647059,226,0.3490909090909091,337,0.5202444115856311,286,0.5753228120516499,243,0.33577533577533575,209,0.19089341637636792,183,0.2796092796092796,186,0.3185929648241206,223
Elon,CAA,0.3930104230533415,110,0.7184873949579832,205,0.44609665427509293,154,0.29009009009009007,65,0.48493838429940667,135,0.5772230889235569,247,0.3402820355610055,218,0.21093790193959971,91,0.2918454935622318,214,0.344294003868472,289
Fairfield,MAAC,0.36198791134989927,15,0.6963906581740976,98,0.40540540540540543,22,0.27346938775510204,23,0.4539451964344668,22,0.5176252319109462,100,0.32907991940899933,186,0.23738445491493726,21,0.31631967763599733,274,0.28036437246963564,77
Florida Atlantic,Amer,0.39955727725511897,146,0.7079207920792079,154,0.43544506816359263,114,0.3196428571428571,234,0.4809145690159012,114,0.5595567867036011,200,0.3099059214167128,125,0.16703318840336415,308,0.22357498616491422,40,0.3605263157894737,322
FIU,CUSA,0.40731853629274145,195,0.6495575221238938,6,0.4576719576719577,204,0.300187617260788,114,0.49201294633535186,171,0.47569955817378495,31,0.3197360527894421,151,0.21543250327653998,72,0.33893221355728853,307,0.31156716417910446,190
Fordham,A10,0.41527126590756863,232,0.7528409090909091,320,0.4465065502183406,159,0.36568457538994803,350,0.5206689807510255,287,0.614516129032258,312,0.3864701942397857,332,0.2244832649373141,45,0.23576691225720026,63,0.31118493909191586,189
Cal St. Fullerton,BW,0.4167150319210679,238,0.7306791569086651,255,0.4622222222222222,219,0.3311036789297659,282,0.5091894833793854,248,0.5362116991643454,156,0.347069065583285,247,0.20309606819357098,124,0.2478235635519443,92,0.3211538461538462,229
Gardner Webb,BSth,0.43954862976894143,322,0.7071005917159763,148,0.500396510705789,330,0.31166666666666665,196,0.5330238505587368,322,0.5317848410757946,145,0.32240730789897903,162,0.16740985326564933,305,0.36324556689951637,333,0.3552750225428314,309
George Mason,A10,0.37971552257266544,52,0.682648401826484,56,0.4326923076923077,100,0.28422876949740034,37,0.46719934575514444,50,0.5162866449511401,96,0.35683364254792826,275,0.23079669488931956,32,0.27087198515769945,155,0.31261950286806883,196
Georgia St.,SB,0.40525672371638144,180,0.6791744840525328,45,0.44196843082636955,139,0.334525939177102,289,0.5011975279601394,209,0.5671191553544495,217,0.3416870415647922,224,0.19530913909108116,155,0.3257946210268949,293,0.3492822966507177,298
Gonzaga,WCC,0.39564032697547685,126,0.731457800511509,258,0.45612582781456956,196,0.27910685805422647,27,0.4765724649234694,82,0.5289256198347108,133,0.3416893732970027,225,0.19783856373199468,144,0.2130790190735695,26,0.26848591549295775,45
Grand Canyon,WAC,0.382051282051282,61,0.6939203354297694,84,0.4310171198388721,93,0.2962962962962963,98,0.47771600334485953,90,0.5285234899328859,130,0.36346153846153845,294,0.23244921678491506,27,0.3057692307692308,252,0.26573426573426573,40
Hampton,CAA,0.402377972465582,162,0.7307692307692307,256,0.4562624254473161,198,0.3108108108108108,190,0.5123259112792298,256,0.6189735614307932,318,0.3704630788485607,309,0.2239254082364519,48,0.3742177722152691,339,0.37025948103792417,337
High Point,BSth,0.3947990543735225,120,0.7355212355212355,273,0.4256368118323747,74,0.3157894736842105,211,0.4862181757573232,140,0.4940119760479042,55,0.28073286052009455,50,0.1946374039397295,160,0.3061465721040189,253,0.3437204910292729,288
Hofstra,CAA,0.39200515796260477,108,0.7067833698030634,146,0.4276190476190476,79,0.31736526946107785,220,0.48456691475275104,133,0.5575657894736842,198,0.3230174081237911,165,0.20615473838737156,114,0.29464861379755,223,0.3286290322580645,255
Houston Christian,Slnd,0.413029315960912,219,0.704225352112676,127,0.45143884892086333,182,0.3120567375886525,198,0.49348598499802604,178,0.5520504731861199,183,0.2755700325732899,34,0.15914549608482553,331,0.2775244299674267,181,0.340625,282
Illinois St.,MVC,0.4014277869302581,157,0.7078651685393258,153,0.4524221453287197,185,0.31278195488721805,201,0.49211622372074576,173,0.5800273597811217,254,0.3651839648544756,299,0.15324544462171466,342,0.2443712246018671,87,0.25326370757180156,20
Iowa,B10,0.40101056499770327,151,0.7449392712550608,300,0.4571854058078928,203,0.3105515587529976,185,0.4955395178669874,185,0.5383734249713631,162,0.3830960036747818,327,0.1687289088863892,298,0.22691777675700506,46,0.25678650036683787,29
Jackson St.,SWAC,0.3525935653315824,4,0.7071713147410359,149,0.3845454545454545,4,0.2695035460992908,16,0.4424042938734316,8,0.527001862197393,125,0.2777413000656599,40,0.18997807587975177,188,0.32961260669730796,298,0.3256513026052104,246
Kansas,B12,0.39625756741882223,129,0.7333333333333333,269,0.432258064516129,96,0.3188908145580589,227,0.4871314466028991,148,0.5541666666666667,190,0.3175564116675839,143,0.18290226412053825,227,0.26417171161254815,135,0.3167972149695387,217
Kansas St.,B12,0.3600214938205266,12,0.7186858316221766,206,0.4,15,0.26855123674911663,14,0.4437955360240545,10,0.5223880597014925,111,0.30413756045137025,105,0.20128700524962667,131,0.261687264911338,126,0.25040650406504067,16
Kent St.,MAC,0.4017150395778364,158,0.7437070938215103,298,0.454638124362895,193,0.30467289719626167,145,0.49933266209286536,199,0.48111658456486045,39,0.3529023746701847,262,0.18314142534715583,224,0.28825857519788917,204,0.259375,34
Lamar,Slnd,0.393562545720556,112,0.7262443438914027,234,0.43608247422680413,117,0.28967254408060455,62,0.48415605707405795,130,0.5297397769516728,134,0.2904169714703731,70,0.21196277529927124,84,0.3233357717629846,289,0.2681564245810056,44
La Salle,A10,0.4268753372908797,284,0.7322515212981744,263,0.4939271255060729,316,0.2928802588996764,81,0.5130633067944654,258,0.6131479140328698,309,0.33351322180248244,203,0.18504519827396138,216,0.26605504587155965,145,0.3901098901098901,350
Lehigh,Pat,0.4060572069545709,186,0.7511415525114156,316,0.43478260869565216,110,0.3207126948775056,241,0.48615188387018404,139,0.47928176795580113,35,0.25182277061132924,7,0.16379427100968375,320,0.24565339315759954,90,0.2743119266055046,60
Le Moyne,NEC,0.39693757361601884,133,0.6683544303797468,19,0.4484088717454195,166,0.3161875945537065,214,0.48643017416390644,143,0.642433234421365,337,0.38928150765606595,339,0.20813943650054995,105,0.2326266195524146,57,0.36778398510242083,335
Liberty,CUSA,0.39058956916099774,96,0.7256317689530686,232,0.4220890410958904,61,0.3288590604026846,271,0.4920906881300554,172,0.5384615384615384,163,0.3378684807256236,216,0.14189489520292678,351,0.31405895691609975,269,0.3211743772241993,230
Longwood,BSth,0.4182027649769585,246,0.6958637469586375,96,0.47597042513863214,269,0.32262996941896027,248,0.5083888065774922,243,0.59366391184573,282,0.37672811059907835,319,0.20786498280878074,109,0.2367511520737327,67,0.3567362428842505,314
Louisiana Tech,CUSA,0.42201834862385323,261,0.7095343680709535,163,0.47873303167420816,278,0.30377358490566037,137,0.5075159263461034,238,0.5159420289855072,95,0.3241590214067278,169,0.1917617393451006,177,0.27584097859327217,173,0.3134479271991911,202
UMass Lowell,AE,0.4266666666666667,278,0.7536585365853659,323,0.4694873881204231,243,0.3016627078384798,124,0.5037150349650349,221,0.5667613636363636,215,0.25515151515151513,9,0.18590998043052837,213,0.24848484848484848,95,0.31704781704781704,218
Loyola Chicago,A10,0.42697290930506476,286,0.7028824833702882,121,0.46613896218117856,232,0.34759358288770054,331,0.5172850182447112,272,0.6413793103448275,335,0.3303886925795053,190,0.22354694485842028,49,0.2656065959952886,143,0.33467336683417087,269
Loyola Marymount,WCC,0.4470814624759461,332,0.7172413793103448,199,0.5229083665338645,349,0.3099099099099099,181,0.5364488117001828,331,0.6183644189383071,316,0.3559974342527261,274,0.19202363367799113,176,0.27902501603592045,185,0.32955832389580975,257
Loyola MD,Pat,0.42095238095238097,253,0.6926315789473684,82,0.4596622889305816,208,0.33988212180746563,310,0.5123318385650224,257,0.5897435897435898,276,0.32317460317460317,166,0.19202898550724637,175,0.30158730158730157,238,0.2740740740740741,58
Manhattan,MAAC,0.38461538461538464,72,0.7130177514792899,174,0.4077490774907749,24,0.3359223300970874,293,0.4703270546769505,59,0.6065040650406504,301,0.3220762976860538,160,0.20185229161719304,127,0.21138211382113822,21,0.3024875621890547,145
Marist,MAAC,0.3802742616033755,54,0.732620320855615,265,0.4326359832635983,99,0.29101283880171186,71,0.4658927670147921,47,0.5464632454923717,176,0.3697257383966245,307,0.16460171250648678,316,0.19725738396624473,15,0.29974811083123426,138
McNeese St.,Slnd,0.4664819944598338,355,0.6966731898238747,99,0.49504950495049505,318,0.3902439024390244,354,0.5497970283372089,349,0.5902612826603325,277,0.2725761772853186,26,0.16082088935192074,328,0.28310249307479224,193,0.3521951219512195,303
UMBC,AE,0.4247422680412371,270,0.6741854636591479,25,0.47303689687795647,259,0.2964824120603015,99,0.4976817780394466,195,0.5226537216828478,112,0.27353951890034367,29,0.19421218051355038,165,0.27422680412371137,168,0.3283410138248848,254
Maryland Eastern Shore,MEAC,0.38843587842846555,89,0.6847599164926931,61,0.42508324084350724,72,0.31473214285714285,207,0.48629276298917784,142,0.5267175572519084,123,0.33209785025945143,199,0.21767915897600515,67,0.35507783543365457,325,0.30969267139479906,181
Mercer,SC,0.41755768148565,245,0.7191558441558441,208,0.4624715693707354,221,0.28820960698689957,53,0.5026757289896682,215,0.46630727762803237,23,0.2577377602701182,13,0.19433211121776212,163,0.34665166010129433,312,0.3030852994555354,148
Miami FL,ACC,0.3737596471885336,34,0.7435294117647059,297,0.41293103448275864,42,0.30428134556574926,143,0.4675162418790605,51,0.6194690265486725,319,0.360529217199559,286,0.2072107765451664,112,0.2342888643880926,60,0.3373493975903614,274
Middle Tennessee,CUSA,0.3510514018691589,3,0.6844919786096256,59,0.384963768115942,5,0.2894736842105263,58,0.4353711045743275,5,0.5108153078202995,87,0.35514018691588783,271,0.1909844970597872,182,0.21845794392523366,34,0.29498269896193774,125
Mississippi Valley St.,SWAC,0.4287941787941788,296,0.678391959798995,38,0.4932806324110672,315,0.30500758725341426,151,0.5256701139721401,301,0.5842424242424242,263,0.3425155925155925,231,0.2004050291114674,134,0.41372141372141374,351,0.42033898305084744,355
Monmouth,CAA,0.36937463471654003,26,0.6461538461538462,3,0.4098101265822785,31,0.2550335570469799,3,0.43291193030914693,3,0.46360759493670883,19,0.26125073056691994,15,0.1541157440690151,340,0.22793687901811807,49,0.27208480565371024,54
Morehead St.,OVC,0.40827671402100063,202,0.7317073170731707,260,0.4483065953654189,165,0.317907444668008,222,0.5012312855492841,211,0.49924357034795763,60,0.3069796170475602,113,0.1951343576790851,157,0.3038912909203212,245,0.314540059347181,208
Navy,Pat,0.4155363748458693,233,0.723196881091618,222,0.44919786096256686,172,0.34,311,0.5111705236724179,253,0.6008902077151336,294,0.3082614056720099,118,0.20791179395726875,108,0.3162762022194821,273,0.2858575727181545,93
UNC Asheville,BSth,0.3958852867830424,127,0.6575342465753424,10,0.4397098821396192,129,0.2994011976047904,112,0.4800857374073183,109,0.44724409448818897,12,0.3123441396508728,134,0.18820688553115178,197,0.3185785536159601,278,0.313373253493014,201
North Carolina Central,MEAC,0.39111111111111113,100,0.6811279826464208,51,0.43501805054151627,111,0.28693790149892934,48,0.47248346307879224,64,0.5340909090909091,152,0.2965079365079365,80,0.20908961491921133,98,0.2926984126984127,217,0.36063936063936064,323
Charlotte,Amer,0.38638858397365533,81,0.7064579256360078,142,0.436607892527288,120,0.29160063391442154,75,0.47707685994020055,87,0.59375,283,0.34632272228320526,241,0.21512055954353027,74,0.2804610318331504,189,0.31001727115716754,184
UNC Greensboro,SC,0.3945666235446313,116,0.7219730941704036,218,0.4325991189427313,98,0.2895377128953771,59,0.4766851868858481,83,0.4737704918032787,29,0.26584734799482534,18,0.1747788029783445,269,0.2884864165588616,205,0.3130081300813008,198
Louisiana Monroe,SB,0.3826086956521739,64,0.7,110,0.43800178412132024,123,0.27980132450331124,28,0.47635993899339096,80,0.4909090909090909,53,0.3501449275362319,258,0.18109908409658618,234,0.3188405797101449,279,0.31588287488908606,215
Nebraska Omaha,Sum,0.48401323042998895,358,0.715547703180212,185,0.5591766723842195,355,0.3487654320987654,335,0.5785152008686211,358,0.5546697038724373,192,0.3572216097023153,277,0.18715229074403872,205,0.31201764057331866,264,0.3522842639593909,304
UNLV,MWC,0.3787709497206704,46,0.7079646017699115,155,0.42572614107883816,75,0.28205128205128205,30,0.45406258379917075,23,0.4882005899705015,50,0.3268156424581006,182,0.1727697768070439,278,0.1893854748603352,12,0.20778072502210435,1
Nevada,MWC,0.4246655031995346,269,0.7137404580152672,175,0.4657415437987858,231,0.3409893992932862,316,0.519860891688381,283,0.5,61,0.32926119837114604,188,0.22190647998850557,54,0.3048283885980221,248,0.30363984674329503,150
New Orleans,Slnd,0.3964305029745809,131,0.7548262548262549,329,0.4462809917355372,157,0.30203442879499215,127,0.49351924965814764,179,0.5661664392905866,214,0.34559221200649,237,0.2102725558191884,95,0.280151433207139,188,0.33506493506493507,270
Nicholls St.,Slnd,0.4029947916666667,168,0.7256317689530686,232,0.46506986027944114,229,0.28651685393258425,45,0.503719602643053,222,0.5767366720516963,245,0.34765625,249,0.21101535624357198,90,0.3606770833333333,331,0.3,139
North Carolina A&T,CAA,0.3532818532818533,6,0.6821192052980133,54,0.39014373716632444,10,0.2913793103448276,73,0.4494330755366961,15,0.6484517304189436,341,0.3732303732303732,314,0.20060912224390426,133,0.2915057915057915,213,0.29933899905571293,137
North Dakota St.,Sum,0.43780193236714976,316,0.7160278745644599,189,0.47908121410992616,280,0.32265446224256294,249,0.5244791884981347,298,0.4689655172413793,25,0.2638888888888889,17,0.19387048269104057,168,0.3466183574879227,311,0.2983706720977597,135
Norfolk St.,MEAC,0.36902927580893685,25,0.6945107398568019,88,0.42282749675745784,63,0.2903225806451613,68,0.4728945735179038,65,0.6283924843423799,324,0.40600924499229585,347,0.26410373518139757,3,0.32280431432973805,285,0.3028169014084507,146
North Alabama,ASun,0.4337691870380898,307,0.7380497131931166,282,0.4809825673534073,286,0.31388329979879276,204,0.5198278635778636,282,0.4980340760157274,57,0.28254690164866403,52,0.17775058699031054,255,0.29732802728823193,230,0.3390639923591213,279
North Florida,ASun,0.42927429274292744,299,0.6821862348178138,55,0.48364279398762156,296,0.30505050505050507,152,0.5110233486676503,252,0.5,61,0.3044280442804428,107,0.17016602441747397,292,0.3038130381303813,244,0.3450413223140496,291
Northern Colorado,BSky,0.40722291407222916,194,0.7397590361445783,287,0.46422018348623856,227,0.2868217054263566,47,0.4928435647992844,176,0.5382262996941896,161,0.32129514321295144,157,0.17788196359624933,252,0.25840597758405975,117,0.29838709677419356,136
Northern Illinois,MAC,0.3946652150244965,118,0.6851851851851852,63,0.4478114478114478,163,0.29738058551617874,103,0.4782741677684157,94,0.5365517241379311,157,0.3532934131736527,263,0.1490294196668458,347,0.2351660315732172,61,0.2738301559792028,57
Northern Iowa,MVC,0.41916859122401845,248,0.7253668763102725,230,0.4602739726027397,211,0.34850863422291994,334,0.5201145281891775,285,0.5991735537190083,290,0.36778290993071594,302,0.1788674266770407,248,0.2754041570438799,172,0.2797335870599429,73
Cal St. Northridge,BW,0.4010989010989011,152,0.6898608349900597,72,0.4618181818181818,216,0.30833333333333335,174,0.4960025865616366,188,0.6383561643835617,331,0.3956043956043956,341,0.18973373767524573,190,0.2763736263736264,178,0.34960070984915703,299
Northern Arizona,BSky,0.42573726541554957,276,0.7234782608695652,224,0.46957878315132606,244,0.3293310463121784,275,0.5184135977337111,277,0.5302267002518891,137,0.31260053619302947,135,0.18255499807024314,231,0.30831099195710454,256,0.27224669603524226,55
Northwestern St.,Slnd,0.3794587945879459,50,0.7490421455938697,313,0.4199288256227758,52,0.28884462151394424,55,0.4769141231246766,86,0.4651539708265802,20,0.3087330873308733,121,0.16848293662173786,302,0.3210332103321033,282,0.2819548872180451,81
Oakland,Horz,0.473753280839895,356,0.7140350877192982,179,0.528957528957529,351,0.35655737704918034,343,0.5704868154158215,357,0.5831024930747922,261,0.32020997375328086,155,0.2242328874901652,47,0.37401574803149606,338,0.3403755868544601,281
Oregon,P12,0.3992484734617191,145,0.6813559322033899,53,0.44091580502215655,134,0.32645161290322583,266,0.4768018416858509,84,0.6729411764705883,350,0.36402066697980273,295,0.12747218788627934,357,0.1385627054955378,1,0.3175210405508799,219
Pepperdine,WCC,0.43454871488344293,308,0.716,188,0.4744145706851691,265,0.34615384615384615,329,0.526148969889065,304,0.5708390646492435,231,0.31081888822474596,128,0.1686429512516469,299,0.2988643156007173,235,0.36538461538461536,331
Portland,WCC,0.39759036144578314,136,0.711764705882353,169,0.4323690383111806,97,0.3017241379310345,125,0.48007522618684556,108,0.5656565656565656,213,0.2662076878944349,19,0.22768312789510872,39,0.29259896729776247,216,0.3518005540166205,301
Portland St.,BSky,0.44945848375451264,338,0.7272727272727273,241,0.49577702702702703,321,0.33472803347280333,290,0.5319034274628153,319,0.6559571619812584,347,0.28760529482551145,62,0.1699767400250492,293,0.2647412755716005,139,0.3871308016877637,348
Prairie View A&M,SWAC,0.43576642335766425,313,0.6777939042089985,34,0.4785214785214785,277,0.31978319783197834,235,0.5316287742953453,318,0.5745393634840871,240,0.26934306569343064,24,0.21379971430719497,78,0.502919708029197,357,0.36550060313630883,332
Presbyterian,BSth,0.40045377197958026,150,0.6847545219638242,60,0.44991511035653653,177,0.30085470085470084,116,0.47923735827195235,103,0.5127478753541076,91,0.3318207600680658,197,0.19085247438558897,184,0.21951219512195122,35,0.27977839335180055,74
Providence,BE,0.3824861600402617,63,0.7126168224299065,173,0.4425566343042071,143,0.2836218375499334,34,0.4684368276851222,54,0.5460526315789473,174,0.3779567186713639,320,0.1695096437243254,294,0.21540010065425264,29,0.3126491646778043,197
Purdue,B10,0.42934196332254587,300,0.7612903225806451,333,0.46746031746031746,237,0.3484848484848485,333,0.5229282036335374,292,0.5816582914572864,258,0.32038834951456313,156,0.18715944089078418,204,0.25080906148867316,101,0.29814814814814816,132
Queens,ASun,0.426812585499316,281,0.7050147492625368,131,0.49404117009750814,317,0.3116883116883117,197,0.5379703690238139,336,0.5608974358974359,202,0.3686730506155951,305,0.20610466689517076,115,0.4637482900136799,356,0.3542354235423542,307
Quinnipiac,MAAC,0.39485981308411217,121,0.7195652173913043,210,0.44494995450409464,148,0.30505709624796085,153,0.4884036773923945,155,0.599112426035503,289,0.3580607476635514,279,0.17104009699489045,288,0.26869158878504673,151,0.31334622823984526,200
Radford,BSth,0.39877641824249166,143,0.7221095334685599,219,0.4471476510067114,161,0.30363036303630364,136,0.48984575069977965,160,0.5244072524407253,117,0.3370411568409344,214,0.2107390752550021,94,0.27419354838709675,167,0.31522707034728403,211
Rider,MAAC,0.39773371104815863,137,0.7023255813953488,119,0.4535087719298246,188,0.296,94,0.48382970013304677,126,0.5868945868945868,268,0.35410764872521244,266,0.16351339782552865,321,0.24362606232294617,85,0.35185185185185186,302
Robert Morris,Horz,0.4252645502645503,274,0.7152317880794702,183,0.47346938775510206,261,0.33646616541353386,295,0.5335365853658537,323,0.5692068429237948,225,0.35185185185185186,261,0.19912062565322375,139,0.3994708994708995,349,0.31607335490830635,216
Sacred Heart,NEC,0.4063534083388484,188,0.706766917293233,145,0.45343367826904984,187,0.29464285714285715,90,0.4867896783986339,146,0.5374592833876222,159,0.29649238914626075,79,0.2325306248748612,26,0.2640635340833885,134,0.3223052294557097,237
Sam Houston St.,CUSA,0.4584654407102093,350,0.6955602536997886,93,0.5035211267605634,335,0.3424036281179138,320,0.5394595321322937,338,0.5878284923928078,272,0.2796448953709575,46,0.21846487925327918,64,0.29993658845909954,236,0.36132596685082874,325
Samford,SC,0.4085077650236327,204,0.7295081967213115,250,0.458984375,207,0.29540481400437635,91,0.49085284158729386,163,0.5239669421487604,116,0.3085752869682647,120,0.1773511552874692,258,0.24713031735313978,91,0.30043859649122806,141
San Francisco,WCC,0.41671469740634004,237,0.7716346153846154,344,0.48148148148148145,288,0.2945091514143095,89,0.5067673249775813,237,0.5573997233748271,196,0.3463976945244957,244,0.180338797627391,237,0.2397694524495677,75,0.2665995975855131,42
UC Santa Barbara,BW,0.39784301977231873,138,0.7364341085271318,276,0.44060657118786856,131,0.2925311203319502,78,0.47681701535383414,85,0.4939759036144578,54,0.28879568603954464,65,0.1591017153725175,332,0.23187537447573398,53,0.28640308582449375,94
Santa Clara,WCC,0.4108009708737864,212,0.6784037558685446,39,0.4603739982190561,213,0.3047619047619048,148,0.4911628819247701,164,0.5967503692762186,287,0.31856796116504854,146,0.19513778042833838,156,0.25849514563106796,119,0.2872549019607843,99
Southeastern Louisiana,Slnd,0.3660220994475138,23,0.7450199203187251,301,0.40904311251314407,29,0.2837022132796781,35,0.4718733521882939,62,0.5358490566037736,154,0.343232044198895,233,0.2041127770783259,121,0.34668508287292815,313,0.2786377708978328,68
Southeast Missouri St.,OVC,0.4278943805010156,290,0.6848591549295775,62,0.47564766839378236,268,0.337890625,300,0.5286869108007319,311,0.6028481012658228,297,0.34664861205145564,245,0.21785209609043804,66,0.3845633039945836,341,0.32265446224256294,238
Seattle,WAC,0.4380630630630631,317,0.7160278745644599,189,0.5193014705882353,346,0.30959302325581395,180,0.5373269708561739,332,0.6568123393316195,348,0.38738738738738737,335,0.17923902312709383,245,0.32319819819819817,288,0.35850860420650094,317
Seton Hall,BE,0.40736270368135186,196,0.6894977168949772,70,0.4604105571847507,214,0.3217665615141956,244,0.5016975542244232,213,0.605925925925926,299,0.38261919130959565,326,0.2214065630629872,55,0.26433313216656606,136,0.2883495145631068,102
Siena,MAAC,0.3970497848801475,135,0.6808035714285714,50,0.43425925925925923,109,0.3235831809872029,255,0.48626186873670596,141,0.5681114551083591,219,0.33620159803318994,210,0.23935416075926144,20,0.27535341118623236,171,0.34476003917727716,290
SIU Edwardsville,OVC,0.441994750656168,328,0.6926536731634183,83,0.49572649572649574,320,0.3300970873786408,278,0.5344601724828063,324,0.6211401425178147,320,0.32440944881889766,171,0.1575026442049757,336,0.3501312335958005,318,0.35588752196836554,313
SMU,Amer,0.4046306504961411,175,0.743879472693032,299,0.4513201320132013,181,0.3106312292358804,187,0.5005762731730187,206,0.6376021798365122,329,0.3318632855567806,198,0.189579837254219,192,0.2927232635060639,218,0.31200701139351444,193
South Carolina St.,MEAC,0.4082374318594791,200,0.7073170731707317,151,0.45009596928982726,179,0.3366174055829228,296,0.5060991435245263,235,0.5979228486646885,288,0.3688673531193216,306,0.17635741769987173,262,0.27316777710478496,165,0.3935860058309038,352
South Dakota St.,Sum,0.3740546829552065,35,0.7023255813953488,119,0.43010752688172044,87,0.2703150912106136,18,0.4588093491248297,32,0.5303265940902022,139,0.3507853403141361,259,0.1660693995280133,314,0.2501454333915067,99,0.25821167883211676,31
Southern Miss,SB,0.38288834951456313,65,0.6865342163355408,67,0.43636363636363634,119,0.2902155887230514,66,0.47311781391421087,69,0.561014263074485,203,0.36589805825242716,301,0.19971234490885148,136,0.27487864077669905,169,0.31156716417910446,190
South Carolina,SEC,0.32338308457711445,1,0.6788990825688074,43,0.3477633477633478,1,0.2692307692307692,15,0.4005740653271809,1,0.48615384615384616,45,0.31044776119402984,126,0.18294221549331313,226,0.21691542288557214,32,0.2898341744772891,105
Southern,SWAC,0.4172906739278421,243,0.7063903281519862,141,0.47847847847847846,276,0.2872340425531915,50,0.5134125400287743,259,0.6280587275693311,323,0.31994554118447927,153,0.24685856096751077,9,0.39414567733151806,346,0.31786542923433875,221
St. Francis PA,NEC,0.43496174220129485,310,0.7613412228796844,334,0.48006785411365566,282,0.3326923076923077,283,0.5298946974111379,313,0.5047361299052774,72,0.30606238964096527,112,0.16215650718370764,325,0.29841082989994117,234,0.345273631840796,292
St. John's,BE,0.4251639833035182,273,0.7517006802721088,317,0.4692370795734208,242,0.3078602620087336,170,0.4949179565535109,183,0.5539971949509116,189,0.2731067382230173,28,0.21235218195137265,81,0.17531305903398928,6,0.3107287449392713,187
Saint Joseph's,A10,0.3831506058857473,66,0.6445182724252492,2,0.4178981937602627,48,0.30097087378640774,118,0.4494918089029934,16,0.42771084337349397,8,0.2971725331794576,82,0.1929533104904302,172,0.1736872475476053,5,0.28558476881233,91
Saint Mary's,WCC,0.4158178550029958,234,0.7406593406593407,289,0.47384615384615386,262,0.33429394812680113,288,0.5234859833083672,294,0.6556195965417867,345,0.4158178550029958,351,0.199897269069429,135,0.2726183343319353,164,0.3595617529880478,319
Saint Peter's,MAAC,0.4139650872817955,228,0.6778042959427207,35,0.46633663366336636,233,0.32491582491582494,258,0.5046523071417388,227,0.6490963855421686,343,0.37032418952618457,308,0.22088038477624425,57,0.26122194513715713,125,0.3247156153050672,243
Stephen F. Austin,WAC,0.406983400114482,192,0.694,85,0.4486301369863014,168,0.3229706390328152,253,0.49720386375190645,191,0.5513361462728551,182,0.3314253005151689,196,0.18920032976092332,194,0.28620492272467085,200,0.3003629764065336,140
Stony Brook,CAA,0.34225512528473806,2,0.6740331491712708,24,0.3893065998329156,8,0.24150268336314848,1,0.4127333862411762,2,0.5124792013311148,90,0.3183371298405467,144,0.1970418567212235,148,0.2061503416856492,19,0.2706766917293233,50
Missouri St.,MVC,0.42925495557074506,298,0.725557461406518,231,0.47029702970297027,247,0.33774834437086093,299,0.5327068018982042,321,0.5191082802547771,105,0.30963773069036227,124,0.23081878041797882,31,0.39849624060150374,348,0.23920265780730898,9
Tarleton St.,WAC,0.405922270203578,183,0.7272727272727273,241,0.4602385685884692,210,0.3170731707317073,218,0.5095897246750992,249,0.5775075987841946,249,0.37939543491671807,322,0.17423319478285793,272,0.3121529919802591,265,0.2868447082096934,98
TCU,B12,0.36972024136039494,28,0.7165532879818595,193,0.4128289473684211,41,0.2833607907742998,32,0.4551223575139809,26,0.5756676557863502,244,0.33296763576522215,201,0.151448860768014,345,0.24190894130554033,80,0.293015332197615,114
Tennessee Martin,OVC,0.4029936672423719,167,0.7338501291989664,271,0.4535211267605634,189,0.3229166666666667,252,0.49835367643974665,197,0.6485714285714286,342,0.38687392055267705,333,0.18536868721383176,215,0.22279792746113988,39,0.3202614379084967,227
Tennessee,SEC,0.39477503628447025,119,0.6953125,90,0.4210174029451138,58,0.3263525305410122,265,0.4664663053006315,49,0.4987745098039216,59,0.2772133526850508,39,0.1403328001968504,352,0.18577648766328012,9,0.3075117370892019,169
Tennessee St.,OVC,0.4212874442319949,256,0.7544802867383512,325,0.4713870029097963,251,0.3252788104089219,261,0.528514428058109,308,0.5824508320726173,260,0.34289356277884003,232,0.24031617905648686,19,0.35564053537284895,326,0.3602550478214665,321
Tennessee Tech,OVC,0.4507310870947235,343,0.7145454545454546,180,0.48063380281690143,285,0.37299771167048057,352,0.543801652892562,343,0.5528913963328632,185,0.27781309599491416,41,0.2230308219178082,50,0.34965034965034963,317,0.2953813104189044,127
UTSA,Amer,0.35884636716583473,9,0.6797385620915033,46,0.3951890034364261,12,0.29264475743348983,79,0.4577084177813808,29,0.5548686244204019,193,0.3544093178036606,268,0.16617845876520954,311,0.33943427620632277,309,0.2956381260096931,128
UTEP,CUSA,0.4336895034569453,306,0.7302904564315352,253,0.49676724137931033,323,0.3453996983408748,327,0.5437917341437984,342,0.618840579710145,317,0.4167190446260214,353,0.18415622963874612,221,0.30295411690760526,242,0.2942408376963351,121
Texas Southern,SWAC,0.4133704735376045,221,0.7238938053097345,228,0.4535928143712575,190,0.2962962962962963,98,0.49642787238207087,190,0.5121293800539084,89,0.25571030640668524,10,0.17683074196406992,260,0.3147632311977716,271,0.3703024747937672,338
Texas Tech,B12,0.4229707344008835,262,0.6976744186046512,100,0.48184818481848185,292,0.3038397328881469,139,0.5088222017232242,245,0.5169712793733682,98,0.33075648812810604,192,0.2271486211813245,42,0.2849254555494202,196,0.3242258652094718,242
Toledo,MAC,0.38699291693496457,82,0.7081339712918661,157,0.4262607040913416,77,0.3047808764940239,149,0.4752665638025931,78,0.5124792013311148,90,0.32324533161622665,167,0.209384046756368,97,0.26915647134578236,152,0.25298804780876494,18
Tulane,Amer,0.4060701203558346,187,0.7319347319347319,261,0.44120032441200324,137,0.3421828908554572,318,0.49958090448432196,201,0.5876288659793815,270,0.35478806907378335,269,0.1738952536824877,274,0.22448979591836735,42,0.3229166666666667,239
VCU,A10,0.35995085995085996,11,0.7192982456140351,209,0.4231856738925542,65,0.24162257495590828,2,0.44245824924039123,9,0.48293515358361777,42,0.34828009828009826,253,0.1936008870765819,169,0.24508599508599507,88,0.2644859813084112,39
Valparaiso,MVC,0.45790816326530615,349,0.7616191904047976,335,0.5091240875912408,341,0.3389830508474576,305,0.5651417151943615,355,0.5612813370473537,204,0.3010204081632653,98,0.2120652873251837,83,0.42538265306122447,354,0.325,245
Wagner,NEC,0.42139595564253096,257,0.6797642436149313,47,0.47604166666666664,270,0.3298429319371728,277,0.5199321555413897,284,0.6377708978328174,330,0.37377690802348335,315,0.2170270414802403,68,0.33202870189171557,302,0.3675847457627119,334
Weber St.,BSky,0.42716319824753557,288,0.7626373626373626,337,0.47429078014184395,264,0.3510028653295129,339,0.5310433323462639,317,0.5743589743589743,238,0.3822562979189485,324,0.17203334423014058,284,0.24917853231106243,97,0.2800734618916437,76
Western Illinois,OVC,0.4002486016159105,148,0.6788461538461539,41,0.4563758389261745,199,0.2968197879858657,100,0.4921645445641528,174,0.5248447204968945,119,0.3517712865133623,260,0.17580052022602924,265,0.32318210068365444,287,0.27123552123552125,52
Western Michigan,MAC,0.4392156862745098,321,0.7268993839835729,238,0.5073313782991202,339,0.30177514792899407,126,0.5305914188089068,316,0.5461309523809523,175,0.33137254901960783,195,0.22760685123191104,40,0.3183006535947712,277,0.35888888888888887,318
Western Carolina,SC,0.4134790528233151,222,0.6956521739130435,94,0.447508896797153,162,0.3403441682600382,314,0.5059797608095676,233,0.45080763582966227,15,0.3175470552519733,142,0.15387121884107816,341,0.30722525804493017,255,0.3788027477919529,342
Wichita St.,Amer,0.42668024439918534,279,0.6488413547237076,5,0.5011709601873536,331,0.2869692532942899,49,0.5056901449222919,232,0.5835322195704057,262,0.34775967413441955,251,0.19160170247619604,179,0.28564154786150714,198,0.328099173553719,253
William & Mary,CAA,0.38052026618269813,56,0.7183098591549296,204,0.4201898188093184,53,0.2874493927125506,51,0.4693644212685929,58,0.48012718600953896,38,0.2988505747126437,88,0.21512320311320593,73,0.30066545674531153,237,0.3239962651727358,241
Winthrop,BSth,0.41358024691358025,223,0.7094430992736077,162,0.4769560557341908,272,0.30095238095238097,117,0.5052691923011245,230,0.5190713101160862,104,0.360082304526749,284,0.22826537143717757,36,0.2832647462277092,194,0.30648769574944074,165
Green Bay,Horz,0.38188277087033745,60,0.7361477572559367,274,0.4248496993987976,70,0.31982633863965265,236,0.482282191662715,121,0.6139534883720931,310,0.40911782119597395,348,0.2013977347058216,130,0.22439313203078745,41,0.2665388302972196,41
Wofford,SC,0.39974538510502866,147,0.660377358490566,12,0.4857744994731296,303,0.2684887459807074,13,0.4809022972598948,113,0.5270700636942676,126,0.3959261616804583,342,0.18012140466330065,240,0.23615531508593252,64,0.31006160164271046,185
Wright St.,Horz,0.44017094017094016,325,0.6955017301038062,92,0.4842814371257485,298,0.3302238805970149,279,0.5236747055946424,296,0.508495145631068,77,0.2863247863247863,60,0.17785888830461813,253,0.3087606837606838,257,0.3117229129662522,192
Wyoming,MWC,0.41132545115121344,216,0.7534246575342466,321,0.4556267154620311,195,0.31712062256809337,219,0.4978501923512107,196,0.4720121028744327,28,0.31985065339141255,152,0.15932654808332541,330,0.2271313005600498,47,0.24285714285714285,12
Xavier,BE,0.45118253486961796,344,0.7661469933184856,340,0.5137440758293839,343,0.3400673400673401,312,0.5507538341564856,351,0.6854838709677419,352,0.3602183141297756,285,0.18637973880399725,211,0.27228623408126135,163,0.3890675241157556,349
Youngstown St.,Horz,0.3951793721973094,123,0.7372549019607844,279,0.4496527777777778,176,0.2958860759493671,93,0.49118701453893643,165,0.5687943262411348,223,0.3542600896860987,267,0.18304588350146436,225,0.2858744394618834,199,0.3155515370705244,213
Grambling St.,SWAC,0.3791989664082687,49,0.66728280961183,17,0.41416100872938894,44,0.30947775628626695,178,0.47451344874694856,76,0.6013628620102215,295,0.3339793281653747,204,0.23016844537163153,33,0.3494832041343669,316,0.3232016210739615,240
Merrimack,NEC,0.38042203985932005,55,0.699443413729128,107,0.42056932966023874,56,0.3095623987034036,179,0.48014574198727844,110,0.5469953775038521,177,0.3616647127784291,289,0.2053035384187538,118,0.3159437280187573,272,0.3200362647325476,224
Bryant,AE,0.4025974025974026,163,0.7235142118863049,225,0.4508723599632691,180,0.30303030303030304,129,0.48733270668278056,150,0.554531490015361,191,0.32653061224489793,180,0.17381014015753857,275,0.23933209647495363,72,0.29306930693069305,115
Lindenwood,OVC,0.47705802968960864,357,0.7266187050359713,236,0.5204460966542751,347,0.3620689655172414,347,0.5690242320344715,356,0.536067892503536,155,0.2739541160593792,30,0.2182338452622428,65,0.37516869095816463,340,0.3778580024067389,341
Texas A&M Commerce,Slnd,0.4035560344827586,170,0.709741550695825,165,0.44620015048908956,156,0.29601518026565465,95,0.48403712475689825,129,0.5086782376502003,78,0.2839439655172414,56,0.15291642200039146,344,0.27101293103448276,156,0.33017241379310347,260
Cal Baptist,WAC,0.37819509650495564,44,0.6895238095238095,71,0.4457831325301205,152,0.2911694510739857,72,0.478584729981378,98,0.6289655172413793,325,0.4371413667188315,357,0.1875945537065053,200,0.27386541471048514,166,0.26862123613312205,46
Fort Wayne,Horz,0.4166192373363688,236,0.7326086956521739,264,0.4888888888888889,309,0.2879746835443038,52,0.506022251709707,234,0.5724043715846995,234,0.3597040409789414,282,0.2087707963172347,101,0.2618099032441662,128,0.27151051625239003,53
NJIT,AE,0.3955056179775281,125,0.6565656565656566,8,0.43108728943338437,94,0.2974683544303797,104,0.4690159175092602,56,0.5411931818181818,167,0.2662921348314607,20,0.17846862406447897,250,0.27808988764044945,182,0.3464566929133858,294
St. Thomas,Sum,0.44896755162241886,336,0.7536231884057971,322,0.49506726457399103,319,0.3603448275862069,346,0.5491423418889448,348,0.5624178712220762,208,0.3421828908554572,230,0.19463631297181364,161,0.2849557522123894,197,0.3079331941544885,170
USC Upstate,BSth,0.39178885630498533,103,0.6751592356687898,28,0.4406623735050598,132,0.3058252427184466,157,0.4818955779609254,119,0.48952095808383234,52,0.3624633431085044,292,0.21605090110034275,69,0.27624633431085044,176,0.3212627669452182,231
Incarnate Word,Slnd,0.3899049012435991,92,0.7012048192771084,114,0.4290187891440501,83,0.2982885085574572,107,0.4772199277232835,89,0.5272045028142589,127,0.2991953182150695,90,0.1931688014162241,170,0.3035844915874177,243,0.2943871706758305,122
Cal St. Bakersfield,BW,0.42115027829313545,255,0.7085106382978723,158,0.4864593781344032,305,0.3161290322580645,213,0.5184230727053405,278,0.566813509544787,216,0.383426097711812,328,0.1943634596695821,162,0.2906617192331478,211,0.34279918864097364,286
Utah Valley,WAC,0.4026974951830443,164,0.7518518518518519,318,0.46994535519125685,246,0.3068535825545171,163,0.5173854898027416,273,0.6842105263157895,351,0.4123314065510597,350,0.23228952772073924,28,0.3468208092485549,314,0.34183673469387754,283
Utah Tech,WAC,0.38769230769230767,87,0.6778350515463918,36,0.44502617801047123,149,0.30597014925373134,158,0.4764891169036931,81,0.6084656084656085,305,0.4123076923076923,349,0.13922036595067622,354,0.19897435897435897,16,0.29821717990275526,134
LIU Brooklyn,NEC,0.42087729039422545,252,0.6960352422907489,97,0.46835443037974683,238,0.32954545454545453,276,0.5085567484355945,244,0.6477572559366754,340,0.34203220433092724,228,0.18461463223787167,218,0.252082176568573,104,0.3357798165137615,272
